禾苗沐浴在温暖的阳光里,1
这力量是铁,1
张开理想的翅膀。,1
就算他是黄鼠狼，咱们也得开门让他进来,1
年轻的时候，我也曾经以为自己是风，可是最后遍体鳞伤。,0
成功的花儿，其间浸透了奋斗的泪水和汗水,1
听了这个演讲，他感觉自己的心被点燃了。,1
他能罩住这场面,1
小人嘴里最容易放屁。,0
羁旅漂泊的游子就会萌发起回家的心愿。,0
这些诗篇浸透着诗人眷恋祖国的深情,1
你是我的小心肝,1
科学是人类进步的长梯,1
我在知识的海洋中畅游。,1
邪教组织在社会上放毒宣传歪理邪说,0
老张特别欣赏那个下属,1
科学的春风开始吹拂神州大地。,1
她扑到床上，抱起那孩子偎在怀里，便像一尊石像似的靠在床前的停火小桌子旁边,0
责任是风雨中共同撑起的一把伞,1
你就像个软蛋。,0
这些都是送分题。,1
老师是红烛，点燃自己照亮别人,1
疯狂如无形的洪水,0
上海像一颗闪耀的明珠屹立在世界上。,1
在骄阳下用流光膨胀着饱满的梦想。,1
清晨，薄雾如轻纱般笼罩了我们的校园,1
闲余时间决定事业的高度,1
她感叹道 “普罗旺斯就是花的海洋。”,1
他的笑容浮在脸上。,1
人们如同置身在五彩缤纷的花的海洋。,1
当太阳横过西方的海面时，对着东方留下他最后的敬礼。,1
小张总爱挑事,0
在所有的批评中，最伟大、最正确、最天才的是时间。,1
一些年轻人认为恋爱是种负担。,0
为了整顿纪律，领导决定先从迟到、早退现象开刀,1
她的鲜血在雪中绽放，像一朵朵怒放的梅花,1
我警醒的感官总是不由自主全涌向他。,0
这场战争由总统亲自操刀,0
黄河长江流域是中华文明的摇篮。,1
梦想还漂浮在遥远的未来。,1
社会的变革是人类的进步,1
你应该学会放手这段感情,0
篮球场上局面如同古代战争的阵势，兵来将挡水来土掩，杀得天翻地覆。,0
遵义会议是中国共产党历史上一个生死攸关的转折点。,1
那些卑微的生命，都沉重的敲击着他那颗晶莹剔透的心,0
毛主席永远在放射着光芒。,1
对于这一类人，很多人称他们为社会的寄生虫,0
只有有着数千年灿烂文化的民族，只有善于吸取人类创造的全部文明成果、为新的世界观武装起来的先进政党，才可能孕育出这种文明的典范。,1
马航MH370的失联牵动着世界各国的心。,0
乌云笼罩着整座城市。,0
旦夕之间，情知对于生命的千般流转，就像旅途中的转经轮，尽须付与无尽的忍爱。,0
蓝色制服一尘不染，折缝犹如刀锋,1
这草率的行为简直是灾难,0
海量的祝福早已把你淹没,1
鸿渐气得心头火直冒，仿佛会把嘴里香烟衔着的一头都烧红了,0
两只炯炯发光的、流露出傲慢神情的眼睛统治着他的整个面部。,0
她的性格像火一样。,1
他发起火来像狮子一样。,0
纳兰的心一点一点融化在她心的暖风里,1
昨夜纷飞的大雪给校园里的树木裹上了一层冬装。,1
在苏州，在大连，不是有许多“下海”的教师开始要求回校任教吗？在上海，在北京，出国留学人员学成回国的人数也在逐年增多。,1
音乐凝固成小镇的建筑,1
同学们沉醉在节日的欢乐中。,1
祥子的脸忽然红得像包着一团火。,0
等他把我的车开过来时，我感觉肩上的行李就像一袋铅块。,0
小明把自己打扮成了一只花蝴蝶,0
他们在业务中都很守信用,1
语言是一种文化的路线图。,1
不乏一种对生活展现出的种种憧憬的高度感应能力，宛如他身上接通了一架能测出万里之外的地震的精密机器。,1
人生是一座富矿，有待于自身去开采。,1
他悄悄渗透到了敌方内部,1
多年来，中国传统医药产品正式进入欧美市场几乎成为中国几代药物专家的梦想。,1
繁华刚刚落幕，寂寞又开始上演,0
这本书像阳光温暖了我,1
一想起你，我这张丑脸上就泛起微笑。,1
那个郡书记官是个大懒虫,0
我们邻居和局长攀上亲家了,0
如果你是蜜蜂，我们甘当你采蜜的花朵,1
辛锐的阴郁已经挂在了脸上了。,0
美感的记忆，是人走向天堂必备的最重要的密钥,1
各种经济活动都被卷入市场经济的漩涡。,0
我们所做的一切，都是捕捉的风,0
哈姆雷特默然忍受命运的暴虐的毒箭,0
青春是一串银铃般的笑声，在校园的上空回荡。,1
他喜欢在咖啡馆泡妞,0
刺猬的身体如同一个长满了钢针的小圆球。,0
秋湖上荡漾着红叶一片，如一叶扁舟,1
他的解释过于苍白。,0
他的头顶是一片大草原,0
他的生命之舟被理想的风帆推向胜利的彼岸。,1
地球是我们的母亲。,1
长江犹如一曲奔腾的乐章,1
根据这位投诚军官提供的线索司令部把握住了战机,1
酸楚的泪滴也会折射出绚丽的色彩,1
他的品行像钻石一样闪光。,1
梵高的画上的绝大部分的线条如银蛇般游走,1
你是遥不可及的天堂。,1
不忘群众疾苦温暖送进万家,1
手机就是一个图书馆,1
他心里像抹了蜜一样甜。,1
回忆是一条没有归途的路,0
我要杀一杀他的威风,0
杀死我心中懒惰的念头。,1
穿越万千残酷的大海，如太阳一般灿烂的船,1
生活欺骗了我。,0
他的心思随窗口的明月飘远了,0
爱原来是一种酒，饮了就化作思念。,0
雪花纷纷扬扬，如同柳絮一样在空中飞舞。,0
别有用心之人制造事端,0
张先生在这本书里提了好几个新观点,1
军民携手同洪水进行了顽强的搏斗,1
方鸿渐自信对她的情谊到此而止，好比两条平行的直线，无论彼此距离怎么近，拉得怎么长，终合不拢,0
等待是记忆里一场不散的筵席。,1
你就是亚洲飞鹰？只可惜这里是欧洲。,0
只有懦夫才会用死来解脱,0
眼泪划过脸庞。,0
勇敢的灵魂 。,1
时代变迁，风云变幻，我们的祖国如巨人般，依然屹立于世界强国之林。,1
公园裏繁花盛开，像一群满面笑容的少女，笑吟吟地迎接客人,1
沟通是打开他心门的一把钥匙,1
贫民区逐渐蔓延，像市容上生的一块癣。,0
一些买家吃了亏，退出了竞买行列。,0
港湾里闪耀的灯光，就像溅落在人间的焰火,1
他已经在这晃荡一天了,0
中国是一个沉睡的巨人，当他醒来时会震撼世界,1
他的审美态度实际上颠覆了我们的思维。,0
如此等等现象说明，社会上滋生、蔓延着大脑懒惰症。,0
历史的潮水还是没有让我们的影视产业得到有效的酝酿和提升。,0
你是雾海里的航标灯,1
从此他们俩的交情像热带植物那样飞快的生长,1
最简单的存在照见宇宙运行的足迹。,1
春携带新绿，潮一般涌来,1
我军聚力打造精锐作战力量。,1
谁吃了我的装备啊,0
她卡壳在解题过程中而拔不出来,0
蓝色的布匹如同大海般纯净。,1
地面像是镜子般的反着光。,1
狂风呼啸，她的秀发在空中疯狂的摇摆,1
开拓和守旧，冷酷和亲情因此而发生猛烈的撞击，但北钢人也因此获得了新生。,1
人生是场单程车票,0
他就喜欢给自己脸上贴金。,0
它取材于好莱坞同名电影，真实动人地演绎了人与人之间的关爱、家庭成员之间的亲情、爱国主义的情感，艺术形式上则进行了一次音乐剧的成功尝试。,1
从维护国家独立和尊严的角度出发,1
书是智慧的钥匙,1
受国家冻结土地使用政策的影响,0
在社会主义革命和建设时期，周恩来曾一度负责主持中央军委日常工作。,1
为什么我总是抓不住机会？,0
他的信心也一点点蒸发掉,0
完全理智的心，恰如一柄全是锋刃的刀,1
还有那浓浓的随灯光跳跃的思乡之情,0
他的心如璞玉一般。,1
我不明白为什么要保护树木，它只会像烂麻绳一样妨碍我挖洞,0
古人悲秋的诗句膨胀着忧郁。,0
天上下起了鹅毛大雪,0
这人整天在茶馆里泡着,0
 １９９７年的发展实践证明，当前我国农业和国民经济处在一个良好的状态，农业综合生产能力有所提高，对国民经济的支撑能力明显增强。,1
他跑的飞快像兔子一样,1
阅读是一种精神的沐浴，是给心灵的洗礼。,1
教练自己肯定会在手下球员被骂的体无完肤的情况下陪绑,0
我必须是你近旁的一株木棉，作为树的形象和你站在一起。,1
《人民的名义》中男士的类型让“中年熟男风”刮了一整年。,1
李厂长把责任都栽到别人头上,0
大白杨在风中翩翩起舞,1
刚刚的兴奋都蒸发了,0
关心的祝福升温了,1
陈旧的楼梯在他一踏上去就沉重地叹息了一声,0
他的先进事迹上了电视,1
一个个红石榴就像一个个小姑娘可爱的笑脸,1
她说的每一句话都刺穿了我的心,0
寂静像亚麻披肩般落在朗日下。,0
太阳是一天的希望。,1
母爱是温暖的外衣，时时关爱着你的身体,1
这人为了某种目的抢了几次镜头,0
这也是金主们不惜放血烧钱来疯狂般占据市场的原因。,0
你就像那夏日的荷花。,1
他是我的臂膀,1
怪病袭击肯尼亚,0
生命是一朵千瓣莲花，我拒绝了绽放的同时，我也拒绝了枯萎和零落,1
他的笑容刻在我心上。,1
不过，在１９世纪，只有英国，资本主义工业的发展消灭了小农。,1
她跳的像羚羊一样,1
大学生为国家的发展注射了新的动力。,1
他怒不可遏地吼叫着，这声音像沉雷一样滚动着，传得很远很远。,0
黄河流域成为中原文明的摇篮,1
真想撕烂你这张乌鸦嘴,0
作家是人类灵魂的工程师。,1
一些记忆挥之不去，一些回忆抹杀不了,0
小张将今天的烦恼发配边境,1
他们进入街区，给居委会的工作注入了一股新鲜的活力。,1
"一位青年在偃蹇的命途中缘起缘灭的扼制住命运的喉咙,跌宕起伏出精妙绝伦的生命华章。",1
"安史之乱中,杜甫四处漂泊",0
用迷离的舞步，跟随着最后一丝月光的脚步,1
他急的像热锅上的蚂蚁一般。,0
那湛蓝的天幕上全是比礼花绽放还美丽迷人的童话般的诱惑！,0
老师把调皮的学生发配到后排,0
议员们多次攻击这类议案,0
他被寂寞追着跑,0
只有把毒瘤割掉，才能保证烟草行业健康发展,0
他高得像根电线杆。,1
她给的爱是一支带刺的玫瑰。,0
大连在节日期间成了欢乐的海洋,1
希望你事业不会翻车。,1
原力是绝地武士的信仰,1
亚马孙森林是全球绿肺。,1
新一轮的创业潮为城市发展输送着源源不断的新鲜血液,1
大雨如长长的编织针落下。,1
但不少大企业的投资热并未刹车，出手仍以数十亿计。,0
整个神州大地 ，宛若灯的世界，灯的海洋。,1
言论的花开的越大，行为的果结的越小。,0
每个人的童年，都是一张洁白无瑕的画纸,1
求索的科学家默默地耕耘着一方漆黑的沃土。,1
唯独那棵松柏在严寒中矗立着，没有一点垂头丧气的样子,1
更多的时候，层峦叠嶂如同山水画,1
弟弟的脸蛋像苹果一样又圆又红,1
他不经意的温柔融化了我。,1
除了行长我们银行多数职员都不摆架子,1
他没有一点态度上的浮动,1
他兑现了承诺,1
珍宝岛时间后，中苏关系进入寒冬。,0
书籍是进步的阶梯,1
我的弟弟今年四岁半了，他长着一对水汪汪的小眼睛，高兴的时候他就会对我眨吧一下，那双会放电的眼睛好像在问我：“姐姐，我可爱么？”常常把我逗的哈哈大笑。,1
她是一朵一辈子都含苞的花，最终绽放的时候却这么肆意张扬。,1
《今晚报》在全国率先实行送报上楼已运转３年，订报到家的读者至今已达２５．６万户，比去年增加了９万多。,1
钱塘江江岸上瞬间成了喧腾的大海。,1
他一辈子见不得光,0
爱是细水长流,1
一个公司的声誉很容易迅速枯萎,0
她就像一颗高龄的大树，年复一年地为我们遮风挡雨，呵护我们成长。,1
律师为人解脱罪责,1
领航改革实践，谱写未来篇章。,1
水是跃动的精灵，穿行在群山之间。,1
春天是一个少女。,1
他火冒三丈,0
它绝不是一部单纯的架空爱情的戏，很有深度，给人心灵的洗涤，灵魂的思考。,1
善良的心不会搁浅在城市寂静的地方，终将抵达爱的港湾,1
一声响亮的喷嚏，摇落天边的晚霞,1
旧时的生活鞭策着他努力工作。,1
人们酣睡时技术员还在车间排除故障呢,1
他体格健壮如公牛,1
父亲希望他的儿子成为一条龙。,1
疲惫爬满了眼球。,0
那一刻时间凝固了,0
只有精选的盆花，静穆得像白冰山,1
时间蒸发了过往的感情。,0
天上的星星在眨眼,1
由于他的努力他还通三四门外语,1
烟味包围着整个屋子,0
科技是人类社会的武器,1
我从他们钢钳般的手掌间，吸取了改天换地的雄心和力量。,1
瞬间，大街成了沸腾的大海。,1
你把守好你的嘴,0
他好不容易燃起的热情被扑灭了。,0
爱把我们压得喘不过气来。,0
一场大雪摧毁了我的计划。,0
早晨的光踩过我的额头。,1
几千年被压迫被剥削的怨恨，现在正像火山似的,0
一旦触到了她的芳唇，黛西便像一朵鲜嫩的花苞向他绽开怒放了。,1
"你们的表现活像丛林野兽,让我很失望",0
你是这浮华世间一股清流。,1
这件事在他心中留下的烙印是无法消失的。,0
他们还有待在编辑帮助下，通过修改，把作品打磨得更其精细。,1
他的胸怀如大海,1
他瞥了我一眼，好像我是一只烟蒂。,0
一旦祖国有需要，国防后备部队立刻开拨，如利刃出鞘。,1
作为朋友他居然玩儿起了花招,0
恒星在永恒的传播着光明,1
中国的发展越来越旺盛了。,1
小明的心情像一朵乌云。,0
把轻松带上，跟悠闲晃荡，今天老赵就要过得不一样,1
脚步被放慢，影子也蹒跚,0
有谁知道在一个人波诡云谲的心灵里，能蓄积下多少火一样的激情和新鲜的念头？,0
祝你在你们宗教的轮回里永世不得超生。,0
我们都是案板上的鱼肉,0
天上的繁星像钻石。,1
小鱼在荷塘脚底下钻来钻去捉迷藏,1
沉溺于玩乐奢靡容易消蚀一个人的理想,0
我想成为你凌晨两点半的太阳。,1
我们不要在错误的时间、错误的地点展开错误的讨论，因为这样会滋生我们的疏忽大意。,0
启蒙运动点燃了人们心中的理性。,1
而他则是这宏伟教堂地板砖缝中的一只小蚂蚁,0
他是侵略者的爪牙。,0
除了您谁还能扭转这种局面？,1
敌人上钩啦！,1
喝醉的约翰驾驶的汽车像个野猪一样,0
郎平是个铁榔头。,1
鲍小姐眼迸火星道：“伺候吃饭的赏钱，昨天早给了。你还要什么赏？我房舱又不是你管的。”,0
月亮在夜空中漫步而过。,1
周恩来同志始终满怀对人民海洋般的深情厚爱。,1
恋爱就像电脑，永远都有N个毛病等待修理，等你修好后却发现等待修理的新毛病大于N。,0
 感动是白茫茫的雪地里一株傲然挺立、暗香浮动的红梅。,1
她甘愿放逐自我，在撒哈拉沙漠拾荒，于西大洋海岸垂钓,1
酒能够淹没人的智慧,0
乡音随之流入我的心里。,0
繁杂的社会会蒸发一个默默无闻的人。,1
不是一切梦想，都甘愿被折掉翅膀。,0
素心坦然，漫步记忆的章节，翻阅流年的片段，文字在笔尖开花。,1
她的歌声被观众的掌声和欢呼声淹没,1
二月春风似剪刀,0
MIKE的电脑好似木头,0
他是众多轮船的灯塔。,1
歌声在山间飘荡。,1
上有天堂，下有苏杭,1
她的脸像一朵绽放的花。,1
火红的枫叶好像火花一样纷繁地飘落下来,1
阳光淹没了沉睡的小镇街道,1
撰写计划因人员变动而流产。,0
荷花随风在池塘中跳舞。,1
厂长的敬业精神传染了我们,1
把友情撑开，就是一把伞，可遮风雨可挡骄阳。,1
贺卡与鲜花，充盈着病房；戴碧蓉绽放疲倦的笑容，向自发涌来探望的人们致谢。,1
那双眼睛，专门捕捉跟自己同样眼睛的工具。,0
我不迷信，但还是按母亲的吩咐为她烧了纸钱，以此来解脱我的负罪心理,0
他们只能想到残片和怪胎,0
便是飘向了云端，置于棉絮之上,1
痛苦像牙医的螺旋电器，直挫进灵魂的深处。,0
他将灵魂出售了,0
他暖暖的话滋润了我干枯的心。,1
他真是毫无哗众取宠之心，只有哺育后人之愿。,1
这片土地是华夏子孙的摇篮,1
人的才能像海一样无穷无尽,1
他笑得像个孩子。,1
凤凰岭人用双手在自己的土地上写下空前的英雄史诗！ 。,1
"这篇文章说理透彻,重点突出",1
爱情就像棉花糖，柔软而又甜蜜。,1
谁指使你们这些阿猫阿狗来的？,0
你们从上到下全像那只混帐王八蛋的哈巴狗,0
常昊的棋已逐渐走向成熟，用不了多久便可挑起中国围棋的重任。,1
电影，那是石学海心中一片充满生机的绿洲。,1
从此以后，他在表面上似乎得平静，然而内心地激动却如大海般波涛汹涌。,0
敌军在我国领内发展新势力,0
阳台上放着几口大瓮，里面种着火焰般鲜艳的天竺葵。,1
我眼看见儿时的英雄好汉，一个个妥协、屈服……到像是绵羊的地步,0
你一次交两个女朋友就不怕撞车,0
彩虹宛如一座桥。,1
他成功洗白了。,1
间谍的活动使国力亏损,0
人的心灵徜徉在一种祥和与温馨的氛围的回忆之中。,1
父母是人生的灯塔,1
生命是一袭华美的袍，爬满了虱子,0
人生就像跑高速，懂得刹车是智慧,1
裁判谋杀了我的梦想。,0
筷子般的雨条密密麻麻挂满在窗前，天空却似乎开朗了一些了,1
尽管当时第三次数学危机仍然阴魂不散，但他们坚信，数学大厦的基础是坚实的。,1
星星在湖面上就像一个个水晶,1
看见冰场上的人，穿梭一般地滑来滑去，我的心激荡着,1
她似乎舍不得让罗密欧离开她，正像罗密欧不愿意离开他的朱丽叶一样；对于情人来说，最甜蜜的音乐就是他们在夜间互吐衷肠的声音。,0
作为失败者他并没有失去成功的信心,1
他的书籍整齐地放在书橱里睡觉。,1
老梁每次都能把握住自己的情绪,1
咸鱼就好好呆着，不要总想着翻身,0
泰森如同狮子一般强壮,1
学子能够感受到老一辈老校友们所显露出来的红色信念，,1
她是绵绵一段乐章，多想有谁懂得吟唱。,1
如果你不去努力，或许一辈子也不能翻身。,0
白居易仕途几经沉浮。,0
请假难如登天,0
我们希望员工有更多学习和发展机会，为其成功搭桥铺路,1
这个人总是鼠目寸光。,0
漫画书为了使人能一目了然经常会夸大渲染故事情节,0
你征服了我的思想。,1
他的交际圈像蜘蛛网,1
他的过错就如同宇宙中的尘埃。,0
剧作《蛐蛐四爷》编织了一幅清末民初津沽历史风俗画卷，别有一番动人之处。,1
那感情像开了闸的洪水，从她的眼底、唇边溢了出来,0
人们都说他像一块石头。,0
马云俨然成为了亚洲电商界的巨人,1
愿你成为自己的太阳，无需借助谁的光！,1
希腊是西方很多学问的源头,1
滚滚红尘湮没了心境,0
无论谁都不能叫醒他，他睡得像个婴儿,1
我的少年时代从窗外悄悄走过。,0
在这霏霏的雾气中间，零星的小雨点像露珠一般飘荡着。,1
太阳是一团火。,1
写作业的同时我正在选课，大工的选课系统又崩了,0
这次协商打破了谈判僵局,1
古人说“江南瑞雪迎金菊”，总以为是文人的艺术渲染，是主体感情的缘故，印象中便感觉有戏说的痕迹。,1
大家都在为各自的队伍加油助威,1
从小学到中学，当社交媒体在孩子们的生活中变得更加重要时，他们就接近了悬崖边缘。,0
每个人都是组成社会的细胞。,1
他窃取了工厂的领导权,0
大兴安岭是一座纯天然的宝库,1
心比天高，命比纸薄。这是一个女人的悲哀。,0
种子是一个希望,1
体育产业理论与实践的严重脱节已经充分暴露出来,0
在学习这条路上我们辛勤的耕耘知识。,1
雕塑是凝固的思想，是立体的音乐。,1
真实是人生的命脉，是一切价值的根基。,1
我们在那种情况下只能无聊地打发时间,0
此次换届会议选举产生了新的中国围棋协会领导集体，中国围棋协会的实体化改革也进入了快车道。,1
河边的杨柳在风中扭动着腰肢,1
国有企业本身并不是社会的包袱，却背着沉重的社会包袱。,0
在图书馆趴着睡觉的时候流口水，就像晚年石钟乳一样,0
更多的财富，更多的摩天大楼，未必保证我们登上时代的金字塔尖,0
山姆是头猪,0
她楚楚动人，宛如画中之人。,1
他的手胖的像猫爪,1
太阳是我们心中的明灯，引领我们前行。,1
她的身材像条蛇,1
情趣低俗会腐朽一个人的信念,0
她那红晕的脸好像一团团火烧的云,1
不能放手这份思念，小赵始终郁郁寡欢,0
李治真是个无胆鼠辈,0
网传李小璐出轨了。,0
迎着新世纪的曙光,1
而我们人类则是生活在这迷宫中的蠕虫。,0
清早的薄雾如一层薄纱,1
对改造好了的犯人，我们都会伸出救生绳。,1
青少年是八九点钟的太阳。,1
他喜欢深夜在朋友圈放毒,0
你真是铁树不开花。,0
自由之风永远吹拂。,1
现在的经济就是一个身患重病的病人,0
也许是给太阳陶醉了，所以夕照晚霞褪后的夜色也带着酡红,1
书籍就像是精神上的火箭。,1
看来打击投机已经开始了，先拿私募的掌门人开刀,1
把乡镇企业放到全局的高度，处理好发展乡镇企业与加强农业、搞活国有企业的关系，研究解决阻碍乡镇企业改革与发展的困难和问题。,1
作为律师我要主持正义,1
他个儿不高，胳膊胖乎乎的像藕节，挺讨人喜欢。,1
他是一只狡猾的狐狸。,0
理想经过锤炼必会焕发真理之光,1
时光浸透你我留下回忆,0
鸟雀像幽灵般飘浮,0
小兴安岭是座天然的宝库,1
脸上的皱纹有些舒展了,1
上海世博将登台，世界人民喜开颜,1
让我们对土地倾注更强烈的感情吧。,1
根本没必要回头看咒骂你的人是谁，狗咬了你一口，难道你也要咬回去吗？,0
毛主席永远用他的光芒照亮着世界。,1
"梦像一条小鱼,在水里游来游去，想捉他，他已经跑了",1
他那张黑瘦的脸给雪白的被单衬得那样鲜明，仿佛一节枯木。,0
敞开怀抱，让阳光照耀心扉，那是生命的乐章,1
超级军迷来放毒了,0
老实人的恶毒，像饭里的砂砾或者出鱼片里的刺,0
到底是如花女子，明知红尘深似海,1
世界正在飞速向着大数据库支配的时代驶去。,1
我来给你镀金包装一下,1
他说他曾经瘦得像闪电。,1
河水，河水呵，吐着黄白色的泡沫，咆哮了多少世纪。,1
树木站立着，像士兵一样。,1
她的嘴角像一弯月牙。,1
眼睛是一颗珍珠,1
今年香港出生率将从数年前的谷底爬升,1
天文专业是铁板一块,1
再多的爱也不能使一个人去热爱自己的生命，这是一条双行道,0
城市缺水问题日益突出,0
随着人群的涌动，我才意识到了危机临近。,0
我们提出“一带一路”的倡议，得到了国际社会的广泛好评。,1
他继承了中华民族良好传统,1
春风这位魔法师把世界唤醒了,1
太阳还没有探出头来，东方地平线上却已泛起一抹明亮的桃红。,1
这个小男孩开心的蹦蹦跳跳，就像一只见到了主人的小狗。,1
家庭成了他们以为憩息、积蓄力量的港湾。,1
我们应该吸取传统文化中的精华,1
旧时代农民饱受地主压榨,0
我感觉到我的灵魂已匍匐在它傲岸的身姿上，在哭泣。,0
丽莎是一只老虎,0
除夕夜里，整个城市沉浸在烟花爆竹声中。,1
作家对现实生活的矛盾、热点的关注热情减退，选材要么倾向于边缘性，要么简单地跟随宣传走，显示不出作者独特的眼光、性格和独立精神。,0
五月的我们都在为了高考冲刺 ,1
时间就像海绵，挤一挤总会有的,1
思念是风，带着对故乡的情，抚摸游子,0
这份缠绵真挚的爱情，支撑她度过了苦难的后半生,1
"附近有一片老林,还从未遭受过斧头的蹂躏",1
永远是散落在迷惘里的精灵,0
几百个亮着灯光的窗洞像几百只怪眼睛，高耸碧霄的摩天建筑，排山倒海般地扑到吴老太爷眼前，忽地又没有了,0
我像是困于你手中枷锁的野兽。被禁止了呼吸。,0
雾，像爱情一样，在山峰的心上游戏，生出种种美丽的变幻。,1
日子一天天从掌中溜走,0
主席一口气将这热情洋溢的言辞灌进奥尼尔的耳朵,1
他葬送了他的前途,0
他们不是慌乱地瞎打一通，而是一板一眼，慢镜头似的慢慢收拾他。,1
这场政变后他的政治地位起飞,1
小明一直在消化文学作品,1
这家伙用极端恶劣的手段把许多有才华的编辑排挤出了出版社,0
真相是一种美丽又可怕的东西，需要格外谨慎地对待,0
自己就是自己，不是任何人的影子,1
武装部队的战士们心头的怒火像火山一样喷发出来,0
"春天是位魔法师,她融化了冰雪,让小草破土而出",1
脸色苍白如同一尊蜡像,0
她是一个铁石心肠的女人。,0
以恒心为良友,1
认为社会理想压制个人理想的看法是错误的,0
那个鱼像是鲸一样,0
上一层汗结的盐霜，仿佛刚在巴勒斯坦的死海里洗过澡,0
中国已经释放出够多的善意。,1
寝室是大学生的堕落的深渊。,0
另外，该校果树专家傅玉瑚教授立项并主持了鸭梨品质的研究，研究成果通过了省级鉴定，达到国内领先水平。,1
上了大学他一直很珍惜时间,1
我把关于我们的记忆折叠,0
如水般灵动，是舞者飞扬的绸带。,1
马克吐温的作品是美国的一面镜子,1
连绵不断的雪片像一片帷幕似的往地面上直落，同时耀出回光,1
他目光似火的眼睛要把它吞掉,0
面向未来，开辟未来，是邓小平思想中一个极为重要的论断。,1
老师辛勤浇灌着祖国的花朵。,1
共同对付这场金融危机,1
她笑得花枝乱颤,1
因为此身早已像是冻结的根须，于甦醒之时歌唱。,0
那只野狼的眼睛是两颗红宝石。,0
航母被肢解变卖,0
荒街上尘埃舞旋，凉风里有落叶在呜咽,0
即使现在境遇坎坷，你还有诗和远方,1
人生就是如此，你以为已经从一个漩涡逃离，其实另外一个漩涡就在你的脚下,0
月季花好像懂事的孩子，朝人们点头致意。,1
王者荣耀侵蚀着小学生幼小的心灵,0
春节即将来临，此时往往是迷信活动泛滥的季节。,0
蔑视比杀戮更能刺痛敌人的心。,0
阿尔及利亚内政部长穆斯塔法·本·马苏尔在会议上发言强调，恐怖主义是在宗教幌子掩盖下的一种现象，应坚决予以根除。,1
不要总是把想法塞进套语的框框里,0
技术是打磨出来的,1
经济周期的历史表明，生产能力过剩有一个较长的逐步积累过程，但不应无视它的存在。,1
中国势将成为外国投资在亚洲的一块绿洲。,1
在两性关系中，爱情就是至善，就是道德。爱情是婚姻的良心。,1
他各科成绩都满分，在我们眼里就是一个传说。,1
她不慌不忙地扶了扶眼镜，斜睨了周围的人一眼，脑中突然掠过一丝“鹤立鸡群”的傲意。,1
人潮拥挤我能感觉你，放在我手心里，你的真心,1
时间慢慢地流过去了，那些曾经鲜活的人，他们血流成河的哀伤，渐渐变成了戏文里的皮囊，单单的，薄薄的，哪个人都可以套到身上来演,0
小张给领导贴金,0
资本家压榨每一个无产阶级者才完成了资本积累。,0
街上，朔风砭骨，寒意袭人，而中央警卫局简朴的礼堂里，则春潮涌动,1
亚马逊雨林是地球之肺。,1
然而，中场缺乏核心和灵魂人物。,1
春天，像一篇巨制的骈俪文。,1
他总喜欢徜徉在知识的海洋里.,1
张明和李响上课时打仗，破坏了课堂纪律,0
他被淋成了落汤鸡。,0
这位学者是占有他人的成果,0
他像一只猫一样的爬上了墙头,1
幸福是一颗容易满足的心,1
听到这事小王很来电,1
所有的付出都能兑现,1
雨后的草原野花竞放，像一块刚浸过水的花头巾，连露珠儿都是五颜六色的了!,1
班长给新兵表演了一下枪法,1
一抹淡淡的赤霞在他脸上跳跃,1
欲望驱使着人们继续做下去。,0
全球的股市市值已经缩水了近一半,0
直到想象中某一生动的景象被睡意完全吞没为止。,0
间谍由于说美国口音而露出了马脚。,0
迟子建的语言，就像那条闪光的额尔古纳河。,1
你这个人简直就是个老古董,0
旧的传统管理模式的堡垒就横在眼前。,0
这件事十分震动人心,0
追寻正义的话语是一把利刃，它会去伤害弱者，却并不能保护或拯救谁,0
他们互相制造了不少谣言,0
密密的松塔像遮天的巨伞。,0
牛顿和莱布尼茨创立的微积分是近代数学的伟大创造，是高等数学的重要支柱，并对推动近代科学的发展发挥了重要作用。,1
他撰写的《用革命理论照亮人生之路》的学习体会，先后在部队内外演讲３０多次，听众达３万多人次。,1
家永远是我们温暖的避风港。,1
谅解是一杯清茶，能冲淡痛苦的回忆。,1
我有一朵红硕的花儿，像英勇的火炬。,1
他谈话中的政治和国家大事让位给了空洞的使命与疾病,0
那里的天空总是那么湛蓝、透亮，好像用清水洗过的蓝宝石一样。,1
此零件是这个装置的心脏,1
把喜悦剪裁，粘成一个快乐的灯笼,1
他是这场比赛中最大的黑马。,1
有人形容贝多芬是一头雄狮,1
破译员破了这个密码,1
文化是在中国特定的经济关系和政治关系的沃土上生长起来的,1
张三的股票比他的抛的多,1
愿我们的爱情开花结果，终成正果。,1
她都快被暖化了,1
房价这几年快速爬升,0
那个地方封存了他最美好的记忆,1
青少年是祖国的栋梁,1
针灸疗法一直被喻为我国中医宝库中的璀璨明珠。,1
手机成为了人们必不可少的“器官”。,0
她是母老虎,0
小说《祝福》无情地揭露和鞭挞了吃人的封建礼教,0
只要再多持续一秒，他恐怕就要像一个木头玩具一样瘫软了。,0
这场电影如同一面镜子,1
许多年过去了，人们说陈年旧事可以被埋葬,0
光阴似箭，他也变成了自己害怕成为的人的样子。,0
两人“咯咯”的笑声在屋檐下回旋着，引得大家都转头向她俩行“注目礼”。,1
蜜蜂在空中跳舞,1
“淑女乡试”冲撞了科举考试的铁则。,1
整个广场沸腾了,1
公安人员一连破了好几个贪污案子,1
黑暗吞没了她的身影。,0
这篇文章诞生了。,1
经理们去年年末就编制了今年的销售计划,1
刚毕业的他就像新鲜血液注入这个社会,1
他陶醉在自己的艺术天地里,1
打败众人的偏见，才能走向成功。,1
锡山市农业部门也从田野闯入市场，推出“一户煮饭满楼香”的优质大米，争创“米皇”品牌,1
即使时光变迁，即使岁月流转，即使斗转星移，我对你的深情只会加深不会变少。,1
他美好的梦境融化在了漆黑的夜里。,1
这款游戏的销售降温了,0
远离故乡的漂泊早已不是一种悲伤的放逐，而是一次充满机遇的旅程。,1
小赵能攀附上这位亲家是他的荣幸,1
奔马一样的豪雨也跟着就来,1
女排再度腾飞是一项系统工程,1
守住心底最美风景,1
这次的不幸事件使他一下子崩溃了。,0
他的歌声感染很多人。,1
童年的一天一天，温暖而迟缓，正像老棉鞋里面，粉红绒里子上晒着的阳光,1
说到私有制，人们往往引用《共产党宣言》说的：“共产党人可以把自己的理论概括为一句话：消灭私有制。,1
生活是一所医院，其中的每一位病人满脑子都是换床的念头,0
他最终还是被贪婪打败了。,0
节目组特邀经济学专家为当前中国经济把把脉,1
这个小女孩开心像一只精灵。,1
不可否认，前些年，许多中小企业效益低下，亏损严重，确实让银行吃了不良贷款增加的苦头。,0
走进占地1.1万平方米的展览大厅，犹如进入书籍的海洋。,1
你承载着生活给予的重量。,1
他的心像一个空洞,0
他貌似不在意地扫了一眼名单：“哪儿弄的，给我干吗？”,0
所有那些经历啊，都不过是异乡限时赠送的糖。,0
他的信念坚如磐石,1
依照这个信条他平时处世总是回避矛盾,0
他们认为劳工只是干活的动物,0
灿烂的黎明又一次降临在珠江口,1
任何反动势力都会被人民的汪洋大海淹没。,1
此时又有个霹雳像沉重的罩子似的落下来，所有的人声都被淹没,0
她真可爱，像一个洋娃娃。,1
人生就像一场旅程,1
标志着长江口“瓶颈”将被打通,1
可以说都闪耀着人民军队的英雄们忠贞、勇敢、智慧的光辉,1
有些投资者买进后，第二天只要缩量，坚决逃跑，割肉也要跑,0
扫除身上的政治灰尘,1
窗台上的紫金花朝我笑开了脸,1
眷恋铺满老人的心壁，感情不能自已。,1
大北风像刀子一样,0
他们一次也没照顾过我的面子,0
汽车上，被挤者对挤人者说：“猪年都过了，还一个劲拱”,0
小姑娘那甜甜的笑容好似百合花一样纯洁。,1
这本教材是可能赢奖的彩票,1
陈旧的思想观念和落后的生活习俗，是一道道束缚经济发展的精神枷锁,0
市委、市政府主要领导为此连续作出批示并召开会议，部署严厉打击赌博机活动。,1
离愁别恨是心的溃疡,0
她是我的心肝。,1
知识是人类进步的阶梯,1
那个流浪者突然就蒸发了，谁也没再见到他了,0
那雪，就如白玉，铺满了大地，让你感觉来到了天界。,1
不要把丢脸的事放在嘴里咀嚼出味道来,0
在大人面前他总抢话,0
科研团队攻坚科研项目,1
也许是这个冬季里的沉寂，把多年来保留的不想燃尽的热情给悄然抹杀了,0
漫天的烟花像一颗颗流星，从天而降。,1
爱情创造一种现实,1
熟透了的柿子像灯笼一样挂在枝头,1
在生命这块贫瘠的土地上，她努力地开出了花。,1
听罢一曲，李弘感觉自己的思绪飞了起来。,1
梦想无时无刻不为干枯的生命注入鲜活的能量。,1
青少年从社会中吸取知识智慧,1
银行首席投资策略师认为，牛市虽然已老，但还没有致命的创伤。,0
媒体通过传播媒介攻击明星的不良行为。,0
瘟疫的恐惧如阴霾笼罩着全城,0
时间在敲打着你的骄傲,0
世界是一个大舞台,1
我们自强不息才能把握命运,1
一切反动派都是纸老虎,1
那柿树的千枝万杈挑起了一盏盏红灯笼，在秋风里摇荡，在蓝色天幕上闪烁。,1
全球产出会经历更大缩水,0
这仿佛药房掌柜带开棺材铺子，太便宜了,0
一缕湿湿的秀发像一抹彩笔画出的青色拂在她的面颊上。,1
曾多年从事军品生产的我国船舶工业能够驰骋国际市场，更具艰难。,1
爱是长在我们心里的藤蔓,1
他像个天外来客，言谈举止似乎未受到过世俗的暗示。,1
他一次也没泡过病号,1
苏小姐双颊涂的淡胭脂下面忽然晕出红来，像纸上沁的油渍,0
他正遨游在书籍的海洋里。,1
细碎的钻石缀在深蓝色的丝绒西装上就如天空中的繁星。,1
他压了压心头的怒火,0
雕塑是凝固的思想,1
他最终把自己的儿子卷入了黑帮斗争,0
他的心情像是春雨里洗过的太阳。,1
闪迪吞并那家公司的计划流产了,0
天上的两朵白云亲在了一起,1
命运锁住了我的喉咙,0
树是秋天的调色板。,1
这对情侣被母亲棒打鸳鸯拆散了。,0
作为单身狗，他选择情人节在家待着,0
美丽编织未来。,1
“文明走廊”的标志性工程就是厂地、军地情谊的结晶。,1
他就像一头猪,0
橄榄球运动员都跟牛一样。,1
战争是文明的坟墓,0
他的心情非常不快。,0
演奏者以真挚的感情感染了广大听众,1
只不过是战争暂时缺席而已,0
巫峡像一条迂回曲折的画廊,1
海洋作为人类生命的摇篮。,1
青春是人生之花，是生命的自然表现。,1
日高的脸就像暴风雨前的天空一样，布满阴霾。,0
伸出手掌，让清风滑过指尖，那是时光的留影,1
炕沿上坐着的那个鬼子军官，两眼红红的，像刚吃过死人的野狗。,0
文明礼貌是沟通感情的桥梁,1
这批作家的优势在于他们大多受过良好的正规教育，同时又较少思想束缚和心理障碍。,1
通水那天，山村沸腾了。,1
警察攻坚审讯这名嫌犯,1
他是本村的地头蛇。,0
我不像三妹，我知道自己是个饭桶，要自开门户开不起来，还是混在大家庭里过糊涂日子罢,0
他收拾了一下心情，继续前行,1
AT&T在信息高速路上抛锚,0
他在我面前从未吐过真情,0
他的话语像针一样扎心,0
让我们以辛勤的耕耘，装扮这块文化绿洲，装点日新月异的祖国春色灿烂。,1
为了活动，我牺牲了很多时间。,0
今后，虽然北约将在欧洲安全问题上起主导作用，但它不能完全无视俄的意见，而必须在许多问题上同俄商量。,0
选民对两党候选人摇摆不定,0
这位杰出的运动员过早地终结了自己的运动生涯,0
好人却被反咬了一口。,0
"新上任的书记,因不孚众望,很快就下台了",0
这个时代翻开了新的篇章,1
沈城也有些老板在为自己的学历“镀金”,0
今晚月亮缺席了。,0
京沪两地新年登高活动，为开展全民健身树立了一面旗帜,1
杭州一到炎暑，全城犹如蒸笼一般,0
给我一个微笑就够了，仿佛春天。,1
黑夜是我灵感的源泉。,1
赛道上的他像一只兔子。,1
他当时说话的声音像雷声。,0
纵然历史已经成灰，我爱不灭,0
他陷在爱中不可自拔。,0
无数蝴蝶般的落叶从脚边滚过，滚向前方黑暗笼罩的尽头。,0
愿望是一颗钻石,1
领导用唯物史观扭转了职工头脑中的错误倾向,1
这位民族英雄为了人民的解放事业建立了不朽的功绩,1
奥马哈海滩在纳粹德军的机枪扫射下如同地狱。,0
永远扭曲别人善意的人，无药可救,0
我知道了死亡的无能。它像一声哨,0
他慢慢带走承诺,0
小李的笑声打破了现场的尴尬气氛,1
最后一只大雁鸣出了夏季的休止符,0
有人说时光会碾碎了一切美好。,0
故乡是游子的根,1
该书对１９９７年刑法提出的一系列主要的新问题进行了全面、系统、科学的解释，广泛吸收了国内外刑法和刑法理论的最新成果。,1
我们从工作中积累点点滴滴的经验,1
强大的信念为勇者铺路,1
你这是在为校长脸上贴金,0
春天像刚落地的娃娃，从头到脚都是新的，它生长着。,1
导致外汇储备枯竭,0
我想那无限的宇宙空间定然充满了神奇,1
同事们暗中给新来的主任安了个外号,0
中原是华夏文明的摇篮。,1
你瞧，疯狂就像地心引力，所需要的只是轻轻一推。,0
他走了，我的心也跟着凋零了,0
悠闲是哲学之母。,1
父母亲任何一点关怀，都将激起子女心中感激的浪花。,1
远处传来银铃般的笑声,1
谎言是一只心灵的蛀虫。,0
在交叉讯问中他顶不住了,0
从“扎堆”出国到“拼命”回国，留学“香饽饽”还能香多久？,0
因为个别人我们总是无法统一步调,0
你作为厂部领导不因该回避斗争,0
他为了虚无缥缈的理想而漂泊一生。,0
这个学生以超人的毅力熬过了这场大病,0
这座小城见证了经济的发展。,1
这次事情揭露的只是冰山一角。,0
大理石尖塔宛如一顶缀满珠宝璎珞的凤冠,1
我又不是新进门的小猫，要人抱了去拜灶,0
心似双丝网，中有千千结。,0
突如其来的争吵仿佛是无止的深渊,0
欢乐涌入了他的心中,1
对于她在这部电影中的表现，很多人说她只是一个花瓶罢了,0
春天的脚步近了,1
工业化水平飞跃至崭新的阶段。,1
我用歌唱粉碎遮蔽我黑暗的现实。,1
拿到礼物后，那个小女孩笑的像花一样,1
公司不断提高入职的门槛,1
综合本报和新华社电在辞旧迎新之际，一些国家领导人发表文告或讲话，总结过去，展望未来。,1
职员们扯起了这事,0
比尔被晒得像炭一样。,0
他像一条小狗一样当那个名人的跟班。,0
白玫瑰还是床前明月光。,1
他的态度刺痛了我,0
眼睛是心灵的窗户,1
不能让这些恶人接触孩子，毒害我们的幼苗。,0
这个项目的失败使得我不得不炒掉了张年轮。,0
黑暗统治着黑夜。,0
上海是一座学术之城、治学之城，一直是连通西方的窗口与纽带。,1
我沐浴着和煦的春风，感到心情特别的好,1
一两百米的范围内，地面上都是层层叠叠的这种翡翠般的花瓣状的叶片。,1
他的快乐仿佛一瞬间被击碎了,0
他脑子里的疑惑仍然像大黄蜂一般窜来窜去。,0
他的房间如同墓穴,0
从某种意义上说，这些军官自己也是囚犯,0
他们的婚姻破裂,0
一只鸟儿像炸弹飞跌般朝街面坠下。,0
老新数代艺术家的互相切磋与激励，开拓了仅有百年历史的中国油画园地,1
歌声像是一条柔软丝带，伸进黑洞里一点一点诱出深藏的回忆,1
仲永极富才华，却只是昙花一现。,0
年轻人总是一窝蜂似的，喜欢凑热闹,0
现在许多人都在履历上精心打扮，不以素颜示人。,0
茫茫的草原像一张无边无际的地毯。,1
海湾沙漠上的明珠，科威特,1
我的利刃饥渴难耐。,0
游子漂浮在异乡。,0
"节目组透露,该主题歌由魏雪漫亲自操刀录制",1
这种怪怪的感觉在我胃里翻腾,0
环洞桥似的一架红木百宝橱，跨立在这又长又阔的大餐室的中部,1
远远的，女人尖锐的啼叫，像针尖似的刺进来，好似带着一点亮光,0
城墙如一条长蛇，缘山爬去。,1
小朱在短短的几分钟时间里就把握住了要点,0
天下最大的勇气都仿佛是昙花，只在夜里短暂地开放。,0
这个小伙子舍身救人的故事强烈地震撼了我,1
冷战结束后，经济全球化特别是金融全球化进程日益加快，为各国提供了前所未有的发展机遇，但同时也伴随着严重挑战。,1
『好好先生』之所以产生和畅行，主观原因是，有些人吸取以往政治运动的教训，对批评与自我批评心有余悸。,1
他的脸黑的像块炭。,0
当前工厂的经济情况在走下坡,0
你就像是酷暑里的一片浓阴,1
他看穿了虚名，也渐渐变得成熟，不被他们所负累，明白了那些东西无法用来兑换真情和幸福,1
他的做事方式和水花一般,0
受什么气了，脸红的猴儿屁股似的。,0
春风像个慈祥的母亲，拂着你的脸颊，使你感到舒畅，心旷神怡,1
她的眼睛如钻石般闪耀着,1
古老的京剧阵地萎缩,0
新的习惯就此养成，一开始你会感到措手不及，但慢慢地，你发现那就像海浪。,1
牛河浮出薄薄的刀刃般的笑意,0
青春是一本太仓促的书,0
年龄偷走了季节和日期。,0
贝利亚，你就是个恶魔。,0
专家指出，近年来经济全球化趋势由于贸易增长、资本流动和技术转移等原因，有了进一步加强,1
夜深了，整个小村庄仿佛也沉浸在甜蜜的美梦里。,1
幅幅漫画鞭挞腐恶丑态,0
她笑起来就像一朵花。,1
我的思想在奔腾。,1
玛丽刚满六岁就成了最专横最自私的霸王。,0
希望是忧愁的最佳音乐。,1
一个公司对员工就是“放羊”的话，必不能长久,0
老战士们热血奔流的心间，波涛涌动。,1
他对学习的激情是一团火苗。,1
世界各国都应当从亚洲金融危机中吸取有益的经验教训，以免重蹈覆辙。,1
微风拂过，像妈妈的手轻轻的抚摸着着我的脸颊,1
那枚鲜红的“Ｌ”徽记多像一面昂首屹立迎风招展的旗帜,1
我们的感情结冰了。,0
小赵经常给领导送礼通气,0
思想是野马奔驰在旷野,1
外面的天泛出浅紫色的灰，然后变成蓝色，再变成橙色，最后就是红色的云朵从天边燃烧起来。,1
怨恨的墨水瓶在他内心的湖泊里打翻,0
经过心理医师的对症下药，他终于走出失恋的阴影。,1
你知道，法努奇就是一只危险的野兽,0
任凭大风怎么蹂躏小草，小草也依旧顽强生长,1
你以为自己是太阳呀，别人都得围着你转。,0
她的脸上绽放出笑容。,1
天安门广场简直就是焰火的喷泉。,1
上海仿佛希望每个新来的人都像只戴壳的蜗牛，随身带着宿舍,0
为了自己的荣耀她破坏了别人的名声,0
打消已起的念头仿佛跟女人怀孕要打胎一样的难受,0
她觉得自己掉价了，因为她知道自己有很多缺点。,0
他诚心当所有人面整服务员,0
扫除了青壮年文盲,1
总有一天，你会穿越漫长的黑夜，穿越人群，发出属于自己的光芒。,1
一向学习好的戴维已经膨胀了。,0
红领巾是祖国未来的花朵,1
小河清澈见底，如同一条透明的蓝绸子,1
我的父亲是家中的一棵大树,1
战争阴云笼罩着这座城市。,0
他听到妻子的回应，便如溺水之人抓住了一片大木材,0
微风追随花园里的水汽,1
寒冷将他攥在其中,0
受好奇驱使忙凑过去：“老伯，您身子硬朗，精神矍铄，真真有福，可喜可贺啊！,1
楼市升温利令智昏,0
伤害消费者的利益,0
诗词在呼唤着你,1
这批产品要拖到下个月才会出笼。,0
小赵是时候放手一搏了,1
小园草地里的小虫琐琐屑屑地在夜谈,1
那瀑布从上面冲下，仿佛已被扯成大小的几绺，不再是一幅整齐而平滑的布。,0
刘光亮扎根于莲乡红土地，外地曾用高薪聘请他，他谢绝了；有的单位用优越条件“挖”他，他毫不心动。,1
特别是金融危机袭击韩国后，更加剧了美国的担心。,0
国有资产在呻吟,0
月季花是一个个害羞的小姑娘,1
燕子在梁间呢喃,1
主任来检查之前都会给我们通气,0
人类的贪念就像毒药般在血液里扩散。,0
他很勤劳，就像一头默默奉献的老牛。,1
书是通向彼岸的船。,1
可是像弹簧似的他又立刻跳了起来,0
突如其来的暴雨蒸发了城市的喧嚣。,0
失败是成功之母。,1
汽油比香水跑得还快,0
爱因斯坦的坦荡胸怀依然有如光风霁月。,1
汤姆的嘴像机枪,0
真理与谬误在那儿完全颠倒了,0
我们应该两栖，既能漫游于爱情之海，又能高攀于事业之峰。,1
我有时想，家里真跟三闾大学一样是个是非窝,0
由于他没有后代，一身绝技随之湮灭，徒使后人望玉兴叹。,0
妹妹笑地像花一样。,1
其实人跟树是一样的，越是向往高处的阳光，它的根愈要向下，向泥土，向黑暗深处,1
我正像大雾里的航船，既没有指南针也没有探测仪，无从知道海港已经临近。,0
她好像机关枪一样，怒气冲天。,0
一只寂寞的乌鸦栖息在地中海松上唱出几个音符，旋即被喋喋不休的蝉鸣淹没。,0
我爱你祖国，亲爱的母亲。,1
生命中最伟大的时刻不在于永不坠落，而在于坠落后总能再度升起。,1
今天一个愿景明天一个理想，一个接一个，时光流过，后悔莫及,0
黑暗湮没了整个城镇。,0
架起了一座心灵的桥梁。,1
一场鹅毛般的大雪使得西营镇风姿卓越、美不胜收,0
在战场上的亚瑟就是一只无所畏惧的猎豹。,1
山在云雾之间盘踞。,1
汤姆不由分说，用他那坚实的胳膊挽着我，从屋子里一起走了出来，就好像他移动的是棋盘上的一颗棋子。,0
被鲜血浸泡的手指好像大熊掌,0
他跑的像兔子一般快,1
而美国的对外政策依然停留在冷战时期,0
那是天空在哭泣吗？,0
它们有什么关系？每晚我看[中央电视台]新闻联播时，常跟随国歌闭目哼唱休息脑子；偶尔联系歌词思索现实，便浮思翩翩了,1
斜阳的金光，长蛇般自天边直到阑旁人立处,1
而没有艺术精灵的张扬，宗教的神圣感和吸引力还能如此长久吗？ 。,0
二奶奶打扮得淋漓尽致，天气热，出了汗，像半溶化的奶油喜字蛋糕,0
他奔跑起来像是一道春天的闪电,1
高尔基塑造了海燕的形象，欢呼革命风暴,1
记者不是喜鹊，记者是啄木鸟。,0
寻找希望的过程是艰辛的。,0
我们必须塑造理想的人格,1
一本好的书就像一个好朋友。,1
心绪沉醉在一双明眸善睐。,1
百科全书是金矿,1
他的表情像着了火,0
爱的烈火在胸中燃烧。,1
这个小孩非常安静地趴在妈妈的腿上，像一只小羊似的。,1
看见很多钱财的他像一只豺狼。,0
眼上蒙着喜悦与温柔的泪水,1
痛苦无奈像秋千一样，荡了出去又回来。,0
积极帮助有关国家摆脱危机,1
还在广大职工中深入开展“反浪费、堵漏洞、降成本、增效益”活动，消化各种增支减利因素。,1
持续扩大的发行量缩水,0
霓红灯亮了，像一道彩虹,1
冬天，寒风怒吼,0
一群白鸽衔来朝霞满天，万朵鲜花捧起无数笑脸。,1
一道刺耳的声音划破夜空。,0
经受去年金融危机冲击之后，一些东亚国家已从紧急应对阶段转入全面调整时期。,0
方木刚要起身，就听见衣袋里的手机鸣叫起来。,0
为了养活一家人，爸爸四处漂泊，打工赚钱,1
他是黑暗中的明灯。,1
我把自己的想法一股脑儿地端了出来。,1
生命有裂缝，阳光才照得进来,1
小孩子的胳膊像莲藕一般。,1
校长置身事外，不想卷入老师间的纷争。,0
很多外商迟迟不肯投入资金,0
此外，我的纱窗也是绿的，极浅极浅的绿，被太阳一照，当真就像古美人的纱裙一样缥缈了。,1
思念像毒药一样在他的心里蔓延,0
快乐是扇虚掩的门,0
比你好的鱼多的是,0
我也不介意再多你一个陪绑的,0
我们认为，要进一步深化人的自我认识，仍然离不开马克思和恩格斯的实践的唯物主义这把钥匙。,1
他吃掉了他的竞争对手的公司。,1
关于贸易谈判的“快车道”授权法案已在国会搁浅，不少议员甚至还提出要削减美国在国际货币基金组织和世界银行的投资份额。,0
你是我们家族的渣滓,0
他沉淀的的知识发芽结果了,1
它耕地时肚皮犹如一只大睡袋一样摇来晃去。,0
推动两岸经济文化交流和人员往来,1
那些我们不爱的人对我们的爱只停留在表面，很快就会挥发。,0
人生是一道风景，快乐是一种心境。,1
老师带领学生们跃进知识的海洋。,1
生命是一种珍贵的财产,1
她硬是让报界捧成了明星,0
知识是人生旅途中的资粮。,1
画作是工艺品,1
如果你再这样拿自己的财产给那个女人输血，早晚会崩溃,0
这一溜挂羊头卖狗肉的美容美发店，严重损害了长沙的形象。,0
语法本来就没有脖子，你怎么扭断它,0
地面就开始变热了气温一直在向上爬升,0
她肤白如雪。,1
终于又上了这怪物似的汽车,0
将一切灾难扼杀在萌芽中。,1
这与担负着“以科学的理论武装人”重任的社会科学的地位很不相称。,1
无产阶级只有打破枷锁才能获得自由，去拥抱更加公平合理的社会。,1
些有识之士呼吁，在义务教育阶段，有必要更多地注入环境教育的内容。,1
熟悉的歌曲又在我心中荡起。,1
太阳今天笑得很开朗。,1
她在众人之中也如一颗珍珠。,1
宁泽涛像鱼一般在水中前行。,1
由于缺乏新的资金投入，ＭＭＭ这一靠不断吸收新资金来维持运转的空壳公司终于难以为继。,0
小红可爱的像只小猫,1
爱心催开生命之花。,1
山，披上冬雪，就着上了素裹的银装。,1
作家难免会有文思枯竭，江郎才尽的时候。,0
他为我投了关键的一票,1
台里终于开设新闻评论节目《新闻1+1》，我成了小白鼠。,0
在推翻了阶级压迫和民族压迫制度,1
烟雾随着声音从唇间喷涌而出。,0
军队剧作家必须彻底地完全地深入到火热的军营生活中去，体尝、品味军官和战士的喜怒哀乐。,1
云朵打扮着蓝色的天幕,1
总有一天，你会明白，你的委屈要自己消化。,0
必须对消息来源严格保密，一切都在阴影之下进行。,0
她的等待早已化作泪水,0
他在新闻中把“家族”斗争大肆渲染了一番,0
一家刊物声言：“观众在最初的好奇和专注之后，已经渐渐转入冷淡，估计不久还有可能变成厌倦。,0
在考试这件事上你不要有心理包袱。,1
不知那里的蛙群齐心协力地干号，像声浪给火煮得发沸,1
周武王推翻了商朝,1
爱情像一本游记,1
谣言在事实面前翻车了。,1
平静的湖面，犹如一面硕大的镜子。,1
人生，就像肥皂泡一样。,0
努力学习是学子通往成功的独木桥。,1
文学家在人群里，好比朗耀的星辰,1
母亲是不熄的灯火，温暖着我们的家。,1
桌子上的书像假山,1
“什么怎么了？你怎么管得那么多啊？”他喷了我一句。,0
每天吃一颗糖，然后告诉自己今天是甜食。,1
黑客通过电脑病毒来攻击别人的电脑。,0
在过去的几十年用户一直很欢迎这种产品,1
这件事情捅破了他们之间的那张玻璃纸,1
本来一帆风顺的人生却突然翻车了。,0
他扔出去的球被接球手的球套吃了。,0
他就像一座南极洲不化的冰山不近人情,0
他的歌声在空旷的傍晚像风一样悠扬,1
作为受害者的家属他们拾掇了那几个坏蛋一顿,1
粗制滥造应景晚会冲淡了那些具有真正意义的高质量晚会的收视率。,0
高举邓小平理论的伟大旗帜是十五大的灵魂。,1
跳舞的人脚下的地板看起来好像光溜溜的玻璃。,1
假若语文是真实的山川草木，那么数学便是缥缈的海市蜃楼。,1
科技是照亮人类前行道路的灯塔,1
爱是生命之光,1
女人是咖啡，一种集众多的味道的极品生活的饮料。,1
他放出了一条谣言,0
他是赵伯韬的喇叭,0
刊物出版又扩大到国外市场,1
梦如风的行进，残雪孤独，野草疯长。,0
日子像旋转木马，在脑海里转不停,0
这件事被一些三姑六婆渲染之后，已经完全变质了,0
旭日用光焰赶走了黑暗,1
历史已去，往事如烟。,0
狂风如刀，以大地为砧板。,0
理性是奢侈品。,0
我要粉碎你！,0
搭乘时光的列车，与过去渐行渐远。,1
广告路牌是地面上长出的肉疣。,0
她像一只小绵羊，躲在角落瑟瑟发抖。,0
采购员给单位跑钢材去了,0
轮廓的线条太硬，像方头钢笔划成的,0
船在如山高的大浪中消失了,0
他的立场从来没有动摇过。,1
艺术家赤脚走过人生的刀锋。,1
小姑娘的心像莲花一样纯洁,1
本次活动展现当代大学生关注国家大事的青年风貌、争做时代主人翁的青年风采、锐意进取的青年力量。,1
除了小李他也总拍领导,0
这种精神矗立在所有法国人心底。,1
这家新公司在高端市场站住了,1
这钱，这衣，这鞋，这书，浸透了天津人民对彝族同胞的深情，袒露出天津人民对彝族同胞的爱心。,1
有人叫她“熟食铺子”，因为只有熟食店会把那许多颜色暖热的肉公开陈列,0
以乐器来对应四季，春天是小号,1
到了年底，各单位要向上级作统计报表，有的地方明确提出，统计报表要向假、大、空风气“开刀”。,1
他像一只铁公鸡，钱袋子攥得紧紧的,0
那肆虐不羁的暴风雪仿佛要把长城站、乔治王岛撕碎、吞噬,0
中年是一个前不着村，后不着店的地方。,0
你被炒了。,0
安贫乐道的达观修养，成了中国文化人格结构中一个宽大的地窖，尽管有浓重的霉味，却是安全而宁静。,1
他就是一只肥猪,0
妹妹被那首交响曲感染过许多次,1
用理论照亮人生路——记武警部队『模范指导员』武定远  。,1
这问题却被老人轻松料理。,1
一寸光阴一寸金，寸金难买寸光阴。,1
简的腰如A4纸一般。,1
香港必定是亚洲区内第一个挺立起来的地区,1
我流的汗水，会折射出我的光芒,1
悲惨的命运向他袭来,0
节日的澳门夜晚尤其迷人,1
那时候，三毛不过是浩瀚书海里的一粒浪花。,1
此时秩序必然坍塌,0
明月是圆盘，月光是圆盘里倒出来的银水。,1
病魔夺去了他年轻的生命。,0
经济这样瞎搞怎么能不跌跤,0
他笑成了一朵花,1
人们总要学会埋葬过去,0
仿佛听了鸿渐最后的一句，处女的耳朵已经当众丧失贞操,0
她笑起来像阳光一样灿烂,1
通货膨胀导致物价起飞,0
这个乡在婚丧嫁娶方面破旧风俗，立新风尚,1
细细的春雨就像春姑娘纺出的线一样,1
还有森林像调得过浓的色块,1
我翻开解冻的泥土，挖出埋藏的梦,1
我们彼此碰撞，只是为了感觉到彼此的存在。,1
士兵的胸膛是祖国的城墙,1
树上的苹果似灯笼般的又大又红。,1
在这个紧要关头，他却徘徊了。,0
"对社会上的丑恶现象,新闻报道给予了有力的鞭挞",1
祝愿母校桃李满天下,1
"战士们披坚执锐,热血沸腾",1
他的情绪爆炸了,0
慢慢地，观众和卡通形象融为一体，游行自然演绎成狂欢。,1
我们不能以任何形式向这种困难屈服,1
底裤的白边露出来，好像洁白的，柔软的羽毛。,1
荷叶上有几颗像钻石一样闪亮的露珠,1
这场比赛的裁判是黑哨。,0
至少在人类疯癫的二十世纪，国界是一道防火墙。,1
良好的习惯是成功的基础,1
云彩像一朵朵洁白的羽毛,1
她因名字莫名卷入这场风波,0
她的舞姿像水一样灵动,1
高难度的题目，一道也不会解的三毛，直接吃了鸭蛋,0
生命路上的往事，纯白如雪，寂静无声,1
我们之间的代沟就如马里亚纳海沟。,0
丈夫是女人的职业，没有丈夫就等于失业,0
那上面卡车留下的车辙在我眼里就像一道道的伤痕。,0
由经济发展的指导方针升华为社会主义初级阶段的基本经济制度,1
您用甘甜的乳汁浸透了我幸福的童年,1
九月，原来只是活在记忆远方的一首离歌，就如雨滴敲打在所有人的心头,1
自己没有文凭，好像精神上赤条条的，没有包裹,0
恐惧吞食着他的信念,0
伴随着这些新的变化，海关依法征税、打击走私、出口退税等方面的任务进一步加重。,1
我们要向恶势力开火，决不妥协,1
看着这景象，愤怒的人群如同涨满河槽的洪水，突然崩开了堤口，咆哮着，势不可挡地涌进了大厅。,0
醉酒的他驾驶的汽车就好像一头野猪一般,0
我们像尘土一样在世间生息湮灭无声。,0
家珍身上一点肉都没有了，扶着她就跟扶着一捆柴火似的。,0
他们退进了历史，走进土地那厚重的帷幕之后,0
中国女排去年再夺亚锦赛冠军的荣耀很快就被大奖赛和洲际冠军杯赛的失落冲淡,0
露西反复咀嚼老师刚刚说的话。,1
自觉没趣丢脸，像赶在洋车后面的叫花子，跑了好些路，没讨到一个小钱,0
春节时的大红灯如同天上长河奔流不息。,1
像海上突来的闪电把夜空劈为两半，天空为之一破,0
这个城市繁华空旷膨胀着虚浮的快乐。,0
"你平时不努力,考前搞突击",0
国文还需要外国招牌，正好像中国官吏，商人在本国剥削来的钱要换外汇，才能保持国币的原来价值,0
这一经历将他一举击碎了,0
我的大脑现在转不起来了,0
其中实行主办银行制度的４６９户上网企业效益突出,1
这是个炙手可热的任务，攀附他的人非常多,0
青春如同一场盛大而华丽的戏。,1
他动也不动，彷如石像。,1
如果回应那些暴力，我们只会更进一步推动暴力。,1
诗人的词句，飘摇在天堂的门前。,1
不能让错误思想在社会上自由泛滥,0
雪地上，足迹组成画,1
发展积极健康的党内政治文化，全面净化党内政治生态，坚决纠正各种不正之风。,1
孩童是亟待萌发的种子,1
中年可能是一场时间过半的球赛，本想大胜而归，现实却是0比0平,0
他被揍成了一个猪头,0
徐明忠又同他勤劳勇敢、坚强不屈的栾老乡亲一起开拓新的致富之路，创造新的奇迹，奔向美好的明天。,1
螳螂十分得小，有着一双强劲有力的波纹形爪子和一双长刺的脚，就像一个迷你版的刺客,1
她是条美女蛇，你千万不要惹她。,0
母爱就像阳光，感觉到的想到的都是暖暖的,1
真理绝不会弯腰,0
大量的热带雨林正在消失。这些毁坏者毁坏的是我们的星球之肺。,0
这种伤感的气氛感染了她。,0
这首诗美得像幅画,1
教师是勤劳的园丁。,1
她毁了一件衣服,0
每一朵盛开的花像是一个张满了的小小的帆。,1
使我内心涌上一股难言的温情，仿佛是一片青草在风中摇曳。,1
他的脑子在飞快的运转,1
他驾驭着这次会议,1
他们的情意如同磐石一样坚韧。,1
这便宛然有了一道凝碧的波痕,1
人生而自由，却无往不在枷锁之中。,0
外面的风很大吹到人身上像匕首一样,0
家里的洗衣机报销了,0
全国人民统一思想,1
天安门广场就是焰火的喷泉，全是比礼花绽放还美丽迷人的童话般的诱惑！ 。,1
岸边的华灯倒映在湖中，宛如颗颗宝石缀在湖面之上。,1
在古代奴隶就像地主的驴子一样,0
我的思想犹如潮水一般在放纵奔流着。,1
通过研讨，总结交流经验，探索解决新问题的对策，提出了不少有益的建议和意见，从而进一步提高了理论和政策水平，也为回去开展工作打开了思路。,1
二十一世纪的曙光正从人们的心头冉冉升腾,1
手机APP具备了视频聊天功能，使得千里之外的亲人仿佛就在眼前。,1
他开辟了历史新天地,1
他是个花心大萝卜。,0
爱情需要一种准则,1
乐天派有一种感染人的麻醉剂,1
２１世纪呈现在我们眼前的是一个新的时代,1
梨子在树上随着风摇摇摆摆的，就像一位仙女在给秋天跳一支丰收舞,1
再说，让村干部领头干，又怕个别村干部把血汗钱拿去糟蹋。,0
为了赚钱牺牲生活品质。,0
这个官司必须要打。,0
这瞌睡像十除以三,0
她走过地毯一般的草原,1
颂扬了革命老区人民一切为了中国革命战争胜利的博大胸怀，讴歌了中国妇女凝结着生命庄严的伟大母爱。,1
老虎的牙锐利的如刀刃,0
小明一直在追赶着时尚的潮流。,1
宽容能融化心灵的坚冰。,1
半生中的记忆在盘旋,0
想不到我精明一世，竟然被这奸商宰了。,0
明月听见了它，居然忘记落下去，却只顾在天空徘徊,0
以后敌机接连光顾。,0
我不想被卷进这件事,0
种族不平等之流沙,0
正义刺痛了他们自私的眼睛。,1
人们常说君子之交淡如水。,1
面对阳光，牵一朵迷路的云回家,1
 妈妈连连摇头笑着说：“这么一大堆饺子，我哪儿那么巧有福气？”说着，她亲自把饺子下进锅里，饺子如一尾尾小银鱼在翻滚的水花中上下翻腾，充满生趣。,1
我的心是孤独的猎人，在孤独的山丘上狩猎,0
改革开放推动了中国经济的发展,1
他的希望成了泡影。,0
坏人是牛肉汤中一颗老鼠屎。,0
他轻推了一下门，阳光便如流水一般流入，洒满一地。,1
共同推动早日建立公正合理的国际政治经济新秩序,1
这寂寞的感觉，像沙尘暴的漫天黑砂，以鬼魅的速度，细微地渗透包围过来,0
像鹅毛，像芦花，像棉絮的大雪降落下来。,1
鱼儿离不开水，“军营内外”、“心连心”，传递着浓浓的亲情。,1
讲述一个动人心弦的故事比任何辩驳之词更能震撼读者,1
我的上眼皮和下眼皮一直在打架。,0
衬衣从晾衣绳上给吹飞到空中，像巨大的白色海鸥。,1
卖股为获利，安全比获利更重要，只要有危险割肉也要卖，亏损也要卖,0
经济建设不能总跟在人家后面爬行。,0
时间碾碎万物，一切都因时间的力量而衰老，在时间的流逝中被遗忘。,0
书籍是人类知识的积累，人类要是没有这盏智慧之灯照亮着，也许直到今天，还生活在茹毛饮血的愚昧之中。,1
湖面静的像一面镜子。,1
一八九九，深秋，离二十世纪只隔着三阵风一场雪,0
使这种海洋成为容纳生命的理想场所,1
他的表演简直是一场杂技,0
京剧是中华民族长时间的灿烂文化和表演艺术的沉淀和积累,1
这篇文章值得我们仔细品味。,1
"由于没有足够的资金,这项工程搁浅了",0
希特勒就是一个魔鬼。,0
公共便民自行车惨遭肢解,0
让文明成为增进各国人民友谊的桥梁,1
这位技术员用自己的心血得到了这些宝贵经验,1
虽然走过了百场，但未来《老舍五则》不会如花般凋零，将会以更成熟的面貌面见观众。,1
悄悄地把眼泪收起,0
若要人成才，你就要不停地鞭打他。,1
一行小字轻轻拨动敏感的心弦。,1
玉米粒金黄金黄的，像一颗颗小珍珠,1
他吃的东西像蜡一样,0
他们像是浮萍，在生命的河流上漂了好久,0
谁都不能浇灭我的梦想。,1
他像孔雀一样高傲。,0
小张没守过一次规矩,0
爱是心底的苦汤，总是还没来得及与人分享就人去茶凉,0
锡山市的未来蓝图应如何勾勒,1
因为你的疏忽这桶汽油快跑光了,0
春风轻触着大地，就像母亲的手一样温柔,1
邻居里的机器闹得很，我睡不舒服。,0
梦想驱动着我们前进，道路需要自己开辟。,1
但是，他当选不久竟然对两岸经贸交流急刹车。,0
这也为铁路减员提效开辟了广阔前景。,1
他将怒火撒在同伴身上。,0
大果栎是森林在扩张入侵时派遣去攻击草原的装甲部队,1
院子变成了花的海洋,1
巴里·艾伦像闪电一样冲了过去,1
罗钟铉教授首先与同学一同观看了中国共产党第十九次全国代表大会的相关视频，点燃了大家的爱国热情。,1
会议发表了声明，呼吁环波海国家消除贸易壁垒，打击集团犯罪等。,1
他们拒绝听到尖叫，拒绝关注牢笼。,0
环卫工人们将城市打扮得美美的。,1
此时的三毛，已是一叶倦舟,0
萨利是块冰,0
艺术的天国是自由的殿堂,1
好像这场面他能罩得住,1
人生的旅程，少不了你作伴。,1
小赵寻求攀附高官的机会,0
哥哥考上了大学，成为了我们一家人的骄傲。,1
倾斜坍塌的穹顶是你汹涌起的哭泣。,0
他希望叶落归根,0
雨，像银灰色黏湿的蛛丝,0
虽然光阴似箭，但是此情不变。,1
人是时间的尺度。,1
职员们把胡嫂的事当闲话扯了一番,0
果然因为那个严重的错误，他被老板炒掉了,0
他像老鼠般盯着那袋钱。,0
月球探索又升温,1
她笑地像花一样。,1
“拯救比萨斜塔专家委员会”决定采取一项新的保护措施———给斜塔系上两条“安全带”。,1
这里是一个知识的充电房。,1
银行帐户缩水,0
我二十多年的农村生活经验是文学的富矿,1
他的胆子像老鼠一样小。,0
他积累大量的人脉,1
马克思拯救了我们的信念,1
贪官就是寄生虫,0
双十一玛丽在商场大放血。,1
我们也知道，人生中途抛锚，又要耽误时间。,0
往事如烟如雾，弥散于无形。,0
你的这张奖状真给你脸上镀金,1
困难是成功路上的绊脚石,0
佛提妮把佩特基斯一家的往事像七巧板似的在面前一块一块摊开。,0
土地持有面积也在逐渐缩水,0
孩子就是父母的心头肉,1
爱国主义是维护祖国统一和民族团结的纽带。,1
侯小强晒出了一个榜单。,1
人生成了一本无字的天书,0
把凶残狂暴的日本强盗淹没在人民战争的汪洋大海之中。,1
她像一只兔子，十分可爱。,1
他有烦恼万千，苦水满腹。,0
汤姆说的话像糖一样。,1
我看着这蔚蓝的大海，不由地哼起了歌，心情像迎着海风飞驰的帆船一样轻快。,1
赶车的手里那根长鞭不住的噼噼啪啪响着，向各放面飞扬，如同一条细蛇,0
命运有点像女人的气质，你越向她求爱，她就越远离你。,0
对伊莲妮来说，教学就像她的天职，她的热情像火把一样感动了学生。,1
卑鄙是卑鄙者的通行证,0
这次战斗我们吃掉了鬼子一个连队,1
科技推动着人类的社会发展。,1
谁能用勇气来迎接厄运，用笑脸来应付不幸，谁就能跨越一切艰难险阻。,1
岁月已如蝴蝶般，在我们察觉不到的时候，翩然飞过。,0
我会飘向何方？,0
那溅着的水花，晶莹而多芒；远望去，像一朵朵小小的白梅，微雨似的纷纷落着。,1
诚信是促进个人与他人和谐的保证书。,1
你的身影浸透了我的回忆,0
留下别人无法收拾的残局,0
他策马从桥边过，飒爽的英姿搅动了一池春水。,1
他像火一般热情,1
洁白的雪花仿佛如仙女一般在天空中飞舞。,1
下大雨了，没带伞的他成了落汤鸡。,0
明镜一般的水面倒映着夜空中的皎月，散发着清寒。,1
我们修复了之前的关系。,1
这件事给盛云龙很大震动。,0
他的标准在天花板上,0
他像离弦的箭一般向终点跑去,1
原始森林是地球的心脏,1
这新月就像从送食物者的篮子里取出的晚餐一样那么鲜嫩。,1
阳光快要将这冰山熔炼殆尽了,0
那个梦想破碎了,0
把大脑出售给魔鬼,0
这个桌子需要维修一下，它的腿有些晃动。,0
他被领导炒了。,0
他对未来充满希望,1
总理严于解剖自己,1
他是我们家的顶梁柱,1
花儿对我笑,1
隐士蝉蜕浊秽之中。,1
这次事故死亡的人数震撼人心,0
他的口不择言撕破了他们的关系。,0
你跟支部领导一起在回避这些棘手的问题,0
我们仍在设法琢磨出这个方程的解,0
你又对我放电了,1
周芷若的细心照顾就像是严冬中的暖阳,1
他熬夜伤神精力亏损,0
她有沉重如铅的过去,0
在你身后落了一地的，朋友啊，那不是花瓣，是我凋零的心。,0
这些孩子就如六月的骄阳，朝气蓬勃,1
谁能领会这其中的味道,1
人生如逆旅，我亦是行人。,0
这颗原子弹是老一辈人努力的结晶,1
生活像一把无情刻刀,0
像那酸罐酸槽一类的补焊，对任何焊工来说都有点谈虎色变的恐惧,0
您想做一个发挥作用的统帅，而不是个简单的兵卒,1
林杨父母相视一笑，然而林杨的妈妈笑着笑着，眉间就浮上了一丝疑惑和隐忧。,0
你的到来，谋杀了我的理智，你的离开谋杀了我的情感。,0
在那个年轻的夜里，月色如水。,1
在他们的喜怒哀乐中捕捉戏剧创作的兴奋点，挖掘军人生命的真正价值。,1
地球母亲孕育了我们,1
家庭是生命的摇篮。,1
我国跃进了改革开放的新时期。,1
他觉得他的对手像一只狐狸。,0
生活中的小欢喜就像是甜甜圈,1
走向寒冬锁住的湖面,0
五月的天像孩子的脸说变就变。,0
这篇文章比有些文章更能颠倒事实,0
我抓住了要点。,1
惟其如此，才能守护好我们的乡愁，留住我们的根。,0
真理好比水果，只有熟透时才能采摘。,1
但是我妹妹对此毫不知情。她仍是无忧无虑的夏娃。,1
相机的镜头就是金钱。,0
对痛苦的思考才是财富。,1
是你在那里给我指明人生的第一只蝴蝶。,1
生活就像一盒巧克力，你不知道你的下一块口味是什么。,1
他第二次萌发了想上大学的欲望,1
我们之间的误会涣然冰释,1
小赵总是在困难来临时匆匆下台逃避,0
这个人手握重权，为所欲为,0
政客在两党间摇摆不定,0
新的兴趣完全征服了我。,1
我感觉自己像迷路的旅行者。,0
生命是一条小舟，独自漂流在无际的大海,0
最疼的疼是沉默,0
我的脑子里是一张白纸。,0
我的手指在键盘上飞舞,1
时间就是生命，无端的空耗别人的时间，其实无异于谋财害命的。,0
随着全球化的深入发展，许多外国网友高呼：“欢迎支付宝和微信“拿下”自己的国家！”,1
就像他或许不在乎或者从没注意到我的眼神总是在他的泳衣上游移，想要弄明白究竟是什么使我们成为荒漠里的兄弟。,0
我时常驻足她的身旁，想读懂她的昨天、今天和明天。,1
爱因斯坦与赫尔的见面就是两种不同思想的碰撞。,1
霎时间，西长安街成为了喧腾的大海,1
听闻女儿背叛自己，我的泪烧灼着我的脸,0
战争打破了这个国家的宁静,0
小明笨的像猪一样,0
敌机逃窜了，咱们的飞机紧紧追在后面，像豺狗追小白兔一样，一前一后。,1
老将军们还沉浸在战火纷飞的年代，心潮难以平静。,0
法拉奇对权力有一种免疫力。,1
男男女女们像飞蛾似的在盖茨比蓝色的花园里飘来荡去。,1
这牲口交到我手归我管，我的事情不用你掺和,0
沐浴新月的光辉！,1
一切愿望都是枷锁。,0
他心里的石头终于落地了。,1
我们的血汗钱被老板独吞了。,0
89岁的肖倩，仍然是一匹生气勃勃的野马,1
没能控制住自己的欲望，他成了坏人们的爪牙。,0
他算计过我好几次了,0
他们的爱情在角落里啜泣,0
商人是一只蝎子,0
中秋之夜，圆盘般的月亮代表我诉说着对故乡的思念。,0
我多次想开口打破两人的沉默。,0
这个案子还没有眉目。,0
梦想成了一触就破的肥皂泡。,0
他说：“我有一个梦想，一个信息高速公路的梦想，这高速公路能拯救我们的生活，创造就业。,1
爱情是一朵生长在绝崖边缘的花，要想采摘他必须有勇气。,1
患难之中我们建立了坚固的友谊,1
心胸狭窄的小妹现在还在算计那件事,0
迎春花是第一个开的，它穿着黄裙子，在春风中跳舞,1
时间就是能力等等发展的地盘。,1
你真是我的千里马。,1
她撒气给父母看,0
你这人为何如此不识抬举,0
桂林山水吸引成千上万的游客,1
他现在长的虎背熊腰,0
经过一个假期的沉淀，他蜕化成一名知识的学者,0
"这项农业高产技术已被广泛推广应用,在大江南北遍地开花。",1
整顿全市文化市场战役。,1
鸿渐看了有犯人蒙赦的快活，但对那短命的女孩子，也稍微怜悯。,1
读者就是这两棵小树扎根于斯、成长于斯的肥田沃土,1
实现祖国的统一，我们一定会尊重历史，尊重现实，实事求是，照顾各方利益，充分尊重台湾同胞要求当家作主管理台湾的愿望。,1
坂本龙马像猛虎一般扑了过去,0
他绝对是本次比赛最大的一只黑马。,1
一条断脊之犬，还敢在我军阵前狺狺狂吠。,0
原始森林就像是一个性格粗犷彪悍的山野大汉。,1
请用微笑治愈隔阂。,1
那一刻，他的声音是暴躁的雷电爆发了。,0
方鸿渐给鲍小姐一眼看得自尊心像泄尽气的橡皮车胎,0
这部电影具有震撼人心的艺术力量,1
罗纳尔多是所有后卫的噩梦。,0
真理在任何地方都能成立,1
事情有了转折，好戏开场了！,1
他的摄影作品闯进了决赛,1
多学科、多领域交叉研究的深入，为最终解开中华古代文明中的这一历史谜团展现了良好前景。,0
她本来就是一朵青莲,1
慈悲是你最好的武器。,1
他脸上的光芒就像山坡上的山丹丹花。,1
真理它却不会弯腰,1
改革开放以来，老百姓开矿治穷，迅速步入小康。,1
我想牵住这段感情。,0
她那红润润的圆脸蛋，像溢满浆汁的苹果,1
三体人用质子扼住了人类科技,0
党的十八大以来我们取得的重大成就和重要经验，凝结着十八届中央委员会、中央政治局、中央政治局常委会的智慧和心血,1
反动派都是纸老虎。,0
他的大脑反应速度似乎比英特尔处理器还要快上若干倍。,0
小赵选择把这份感情埋葬起来,0
在天线的下面有一小群白色建筑物，与天线相比，它们像几块精致的积木。,1
生活是一本书,1
自己这段新闻才是登极加冕的恶俗，臭气熏得读者要按住鼻子。,0
一头秀发如沐浴过晨曦,1
我消灭了这盘菜。,1
徐杰在各个环节上追求卓越，把工作做得尽善尽美。,1
你的爱是一场雨，浇灌我干涸已久的内心。,1
她的脸红的像苹果,1
也有学者认为所谓大道本体乃是中国民族的生存哲学，是根本文化价值精神，是中国的民族之魂。,1
在蒙特卡洛：山东杂技团的《车技》（上图）获“金小丑”。,1
你可以视情况玩儿点手段,0
以前俄罗斯和北约之间的关系是欧洲安全政治的鸿沟”,0
脸孔像猫的老妇人走过来,0
他们也一直视舞台为艺术之根。,1
总在拥抱同时互使出个性的剑芒、在赞美时责备、倾诉时要求、携手时任性分道，分道之后又企盼回盟，却苦苦忍住不回眸。,0
我的心是孤独的猎手,0
北极星橡盏指路灯一样挂在天空。,1
就是在诸多文化要素相互渗透相互斗争过程中吸收各种优质成分而和合为全新文化体系的学说,1
刘翔像闪电一样冲过了终点。,1
风吹起如花般破碎的流年，而你的笑容摇晃摇晃，成为我命途中最美的点缀,1
当人们被迫在政治的泥沼中求生，生活本是件奢侈的事。,0
你再不来，我要下雪了。,0
他是个墙头草,0
卫生也许能推动人类的发展。,1
我的祝福随风起飞,1
我不相信正义的银行已经破产。,1
书是思想的产物,1
科学家门勤奋耕耘，取得了优异的成果,1
他的心中燃起了怒火,0
人才流动不能挖墙脚，也不能用引进取代培养。,1
离恨恰如春草，更行更远还生。,0
钟声弥漫在空气中，好像各种钟声交织成的一副织锦,1
怎样判断其价值？那就得看，该人的自叙，能否把个人的命运，编织在时代、社会的经纬线中，从而有利于提升读者对客观世界的认知。,0
黄山的云雾就像六月天一般变幻无常,1
我知道他的眼眸亮如星辰。,1
我生病时失去了许多时间,0
你的所有付出都将兑现成一生的成就。,1
它是万花中的一朵，也正是一朵一朵花，组成了万花灿烂的流动的瀑布。,1
我们的狂怒你驾驭不住！,0
她心情不好拿男朋友撒气,0
淡红色的番茄，一只只挂在人字棚架上，像一盏盏彩灯。,1
你当主任的还在这泡时间,0
她因为这点矛盾就给人家编桃色新闻,0
小人阴奉阳违散布谣言。,0
你是一道光，带给我诗与远方。,1
心是船，爱是帆，文明精神来领航,1
陈昌本：刘斯奋的《白门柳》（一、二部）浸透着东方文化的气韵和风采，人物形象生动，文笔凝重精致，是一部典型的文人历史小说。,1
资金被冻结了，我们损失惨重。,0
艺术创作力衰退了,0
他气愤地说，如今绿化用地成了“唐僧肉”，谁都想吃一口,0
将那些岁月，用诗词的风雅连起来，系上爱恋,1
马蓉出轨事件引起了很大的轰动,0
他感觉那只落到他的肩上大而软和的手融化了他的全身。,1
她就是一母夜叉,0
那些陈年老账，就不要去翻腾了,0
秋天好像个金黄色的地毯铺在大地上,1
镇上热得像蒸笼一般,0
你真是个小仙女,1
梅西是足球的神。,1
信念是生命之光,1
小摊的水泥台子磨得如抛过光的大理石。,1
朋友的每一次关心都会让我们不由地萌发心灵的感动。,1
她的文章结构就像人体内的神经结构那样严密。,1
护士如冬天的阳光温暖着患者蒸发她们的忧伤。,1
互联网上信息爆炸,0
哀愁渐渐弥漫了整个屋子,0
男人有时无法理解女人的话，就像在猜谜,0
这个男人发财后把村里的爱人甩了,0
生活是一杯酒，品出人生滋味的酸甜苦辣。,1
照片这东西不过是生命的碎壳,0
泰勒的笑容像蜜一样甜,1
人生也是不可眉批的东逝水。,0
他们的歌声拨动了我的心弦。,1
人生就像肥皂泡，升的越快，越容易爆裂。,0
我望进他的眼眸，如同望进一口古井。,0
把党的阳光洒满人民群众的心田,1
他刚上战场就吃了枪子,0
烟如同深渊，会让人无法自拔,0
费小胡子的太低的语音就被这些大自然的咆哮声完全吞没,0
灯光开始像星星一样闪烁起来,1
那些相伴走过的日子亦是生命里的精彩,1
小朋友是祖国的花朵。（花朵）,1
我的书上你的正楷眉清目秀，一字一字宣告我们和平分手,0
空气在这种氛围下显得十分凝重,0
他碰了个大钉子,0
他们坚贞的爱情冲破了世俗和礼教的枷锁,1
导致“人情电”、“关系电”、“权势电”问题泛滥。,0
流行文化经过时间的筛子，泥沙被淘汰，金块被留下，留下的就被叫做经典或古典,0
有一个小女孩，在人们身后像清风一样走动，始终不抬眼睛也不接近别人,0
局长贾成伟则说：“送去精神食粮，吸取政治营养，这就是我们组建这个心连心艺术团的初衷。,1
尽可能多地利用自有资金为经济发展输血,1
特朗普在竞选中攻击希拉里的政治主张。,0
爱把我们压得喘不过气,0
天性纯真的女子没有世俗功名之心，只知沉浸在感情的潮水中。,0
二战又毁灭了他的前程,0
当贫困的阴影正在湘西迅速消失时候，,0
在松鸡狩猎季的最后一个夜幕降临的时候，所有黑刺莓都关掉了他们的亮光,1
蜘蛛网无情的查封了我的炉台。,0
你别跟我玩儿心眼,0
她给自己的心像一扇上了锁的门,0
我删除了关于你的所有故事,0
人的思想应当自由驰骋于天地。,1
让书藉净化心灵，让文字充实自我，让文学注入血液。,1
光与影有着和谐的韵律，如梵婀玲上奏着的名曲。,1
中年可能是一只风筝，微风轻拂便卖力摇动，忘了拴在自己身上的那根细线,0
黄河在咆哮。,0
高脚杯中的酒液与红宝石别无二致。,1
福贵的一生窄如手掌。,0
她的眼泪像断了线的珍珠项链,0
我沉浸在她的歌声中。,1
你是无意穿堂风，偏偏孤倨引山洪。,0
这人又在拍马屁了,0
反对派到处放火搞破坏,0
他的速度简直就是龟速,0
窗外绚烂的霓虹打在厚厚的窗花上，映出流溢的光彩。,1
您勤劳的双手为我的成长开路搭桥,1
在一定程度上遏制了腐败滋长蔓延的势头。,0
战争是绞肉机,0
封建统治者压迫了人民的思想,0
长城像一条巨龙。,1
她飞扬的裙摆如同一朵盛开的花。,1
谁有了一点芝麻大的过失。,0
它是火柴点亮了每个人心中的灯。,1
黄叶像是火花一样纷纷的飘落下来。,0
他像狗一样讨好着那位明星。,0
他说：“以发展中国家的整体利益为基本出发点，群策群力、团结一致，是我们力量的源泉。,1
青春是蒲公英,1
时代是出卷人，我们是答卷人，人民是阅卷人。,1
浙江率先消灭贫困县。,1
他认为在他的领域，他就是自己的神。,1
我的腿像灌了铅一样。,0
按照有关法律条文议员们可以攻击议案的不合理之处,0
那双奇怪的眼睛像星星似的闪光。,1
她要做那枚背叛安静的绿叶,0
人是一条不洁的河，我们要是大海，才能接受一条不洁的河而不致自污,1
累了一天躺在床上，就像躺在云朵上一样。,1
走遍非洲大陆，只有在这里，我才真正感到了非洲情的震撼。,0
小学生活是记忆中的宝藏,1
刘邓大军浩浩荡荡的跃进大别山。,1
思想奔流着。,1
你没有扭转乾坤的魄力,0
他替我求出答案了,0
他的目光停留在了她的身上,1
他们的朋友是室内“盆栽”植物,0
她也有钻石般闪耀的梦想。,1
那个马好像是一头牛,1
这天堂般五月的傍晚，有三辆一九三○年式的雪铁笼汽车像闪电一般驶过了外白渡桥,0
按照国家的发展规划各市编制了自己的建设计划,1
人没有梦想和咸鱼有什么区别,0
你这种人简直是社会毒瘤。,0
她像只小袋鼠高兴地蹦了起来!,1
“热”了十余年的中国财经教育，在东南亚和东亚的金融危机的震动下，突然预感到一种无形的压力：中国财经教育是改革的时候了！ 。,0
你把这篇报告再好好地剪裁一下,0
民众很欢迎这类政策,1
心并不在身体里，当你思念某个人的时候，心就产生了,0
他从内心萌发了一种强烈的欲望,0
与光速相比，地球也只是在爬行。,0
在这个夏天，我有一个秘密，一不小心，疯长成了一棵大树,0
以史为镜，可以知兴替。,1
我们应紧随社会潮流，不与社会脱节,1
生活像一首歌，歌词都是自己填的,1
他的爱像山一样压得我们喘不过气。,0
荷叶像一把小伞,1
少儿足球在全国遍地开花。,1
这件事情造成我们间厚厚的障壁。,0
桂花是报秋的使者,1
他长得和井盖一样。,0
这孩子简直成了泥猴。,1
他打破了一块玻璃，吓得像妖怪一样逃跑了.,0
火箭像一千只赤鹰，同时扑向古老的城门,0
乔克借给我10英镑才解脱了我的困境,1
种族歧视之黑暗和荒凉的深谷,0
她的脸上荡起了笑容,1
红玫瑰还是心口上的一颗朱砂痣。,1
历史告诉我们，一个人太过嚣张，终究是要翻船的,0
这种又冷又甜的冰淇淋作风全行不通。,0
并表示“英国能够在塑造欧洲未来方面发挥领导作用”,1
我穿上滑轮鞋就像踩着风火轮似的,1
拉广告起家吃回扣敛财，张军是这样发家的。,0
与会者一个共同的观点是，漫画只有与现实生活紧密结合，自觉地担负起弘扬正气、鞭挞丑恶的责任，才能赢得最广泛的读者。,1
他替我蹲过监狱,1
她坐在床上，炎热的黑暗包着她像葡萄紫的绒毯子。,0
某些警察同毒蝎没什么不同,0
落下参差的斑驳的黑影，峭楞楞如鬼一般,0
当我与他四目相接时，却遭遇玻璃般的怒目相向。,0
诚信为你的事业成功兑现珍贵的利息。,1
熊熊火焰之山,0
并规划了到下个世纪中叶的宏伟蓝图,1
更多的时候，乌云四合，层峦叠嶂山水都成了水墨。,1
广告路牌是地面上的肉疣,0
虚幻的迷雾遮蔽了心灵,0
考生解题时卡壳了,0
我们要做社会主义的一颗螺丝钉。,1
悲哀的滋味沉沦在窗外的锦绣,0
一个人的威信绝不是靠自吹自擂建立的,0
中年是一杯下午茶。,1
台上演相声的人是猪,0
当浓雾拥抱森林，万籁俱静。,1
迷人的春天慷慨地散布着芳香的气息。,0
她愿意也必须维护他的骄傲,1
现在有一座大山压在中国人民的头上，它就是封建主义。,0
汽车在蜿蜒的山道上疾驰，如离弦之箭一般。,0
他像一头雄狮那样战斗,1
我军吃掉了地方的军队,1
人民警察在危急时刻就是我们的守护神,1
他们的劳动已经结下了丰硕的果实。,1
时间是世界上一切成就的土壤。时间给空想者痛苦，给创造者幸福。,1
一个其貌不扬的身躯里怎么容纳得了这么多的好？,1
只要我们进一步解放思想，实事求是，抓住机遇，开拓进取，建设有中国特色社会主义的道路就会越走越宽广。,1
当今社会的养老制度正冲击着养儿防老的传统观念,1
托于这段日子我们打扰了专家的休息，才收获了这些成就。,1
孩子们是祖国的花朵。,1
油价发烧，经济咳嗽。,0
手机是毒品，小心上瘾啊,0
小小的失意，像花生米翻落地了,0
他的演奏就像是一只雄狮在咆哮。,1
她的脸宛如一幅被战争破坏过的图画。,0
危险是拦路虎。,0
她放手了那段往事事,0
文艺复兴孕育了人文主义精神。,1
需要是发明之母。,1
他们的父母要加班，就把他们丢给我来照顾,0
祥林嫂的双腿就像笔直的圆规,1
他们抚摸这只流浪猫，素日的缄默似乎融化了,1
那一抹绿色渲染了整个世界。,1
黄河怒吼着奔腾而过,1
白发像敌国间谍，暗夜潜入，悄悄鼓动黑发变色。,0
尘烟弥漫的球场上奔突跳跃着青春的身影,1
新的理念推动了这个产业模式的快速繁殖,1
中国体育用品博览会是业内人士公认的展示形象和实力的重要舞台。,1
所有的困难在努力面前都变成的纸老虎,1
他是所在区域的神。,1
除了心肝，你什么都不缺。,0
我从小在父亲的铁腕下长大,0
您不是雕塑家，却塑造着一批批青年人的灵魂……老师啊，我怎能把您遗忘！,1
北极星像盏指路灯一样挂在天空,1
闪电像烟花一样忽隐忽现,1
打开了她的话匣子,1
这些问题已成为制约我国体育产业进一步发展的瓶颈,0
网络就是一个移动的图书馆。,1
钱钟书围城里说：打呼噜象放长线的风筝。,0
爱情不是石头，它不是本来就有的,1
但人类不甘心屈服于地震的威胁,1
中年可能是一辆公交车，虽然年久失修，但也实惠异常,1
刚才还嚷嚷要回家订份科技报的陈振兴，长叹一声：“看电视里演外地有的农村青年富了，咱不眼红？！可想试一把不容易啊！”陈振兴说，冬季大棚菜刚兴起时，是件新鲜事，有人发财了，可现在不行了。,0
“书籍是人类进步的阶梯”,1
理想是一把尺，量出一个人眼光的长短。,1
你是我的维他命。,1
他关上了门，也关上了心。,0
黄河是中华民族的摇篮,1
在公司的力捧之下，他立马红了起来,1
这批无恶不作的法官，他们媚上欺下，俯伏于国王之前，凌驾于人民之上。,0
电视小品的土壤是肥沃的。,1
河北省蔚县剪纸历史悠久，它出自民间扎根于劳动人民之中。,1
我看见他有时就像一只老鼠。,0
指责刺痛了他原本脆弱的神经。,0
你不要在脸上贴金了,0
身体是我们生活的本钱,1
但是，这些措施不仅没能稳定汇率，反而使各银行利率飙升，严重阻碍了本国经济发展。,0
生死不过一道刀痕。,0
贝尔曼已不再是当年那个以辉煌得令人难以置信的技巧来征服听众的钢琴奇才。,0
不同于任何意义你就是绿光,1
把姑娘举起来搭在一条胳膊上，好像搭一条丝绸披巾似的,0
良心被狗吃了。,0
安静得让人听得到一片落叶落在地上的低吟,0
除了我别人都吃过他的亏,0
我独逍遥于濯浊之外蝉蜕去拖累。,1
读了大量书籍后，他的思想得到了升华。,1
代沟这堵可悲的厚障壁立在我和他之间。,0
疾病让他母亲瘦成了一把骨头。,0
她可爱得像熊猫,1
这些作品对于创作的主题性既不是被动地服从，也不是简单地演绎，而是将之转化为对于史诗性、永恒性崇高美学品格的追求。,1
大火将他家的屋子吞掉了,0
爱情是叹息吹起的一阵烟。,0
人生像一盒巧克力,1
时间蹂躏记忆人们总是身不由己地忘却,0
欧洲国家有暴恐滋生的肥沃土壤,0
她的眼睛是一块湛蓝的琥珀,1
夕阳是迟到的爱；夕阳是未了的情。,1
大型智能抓捕机器人壮硕的身材能够极好的抵御巨大海流的影响。,1
处在大国激烈争夺漩涡之中的中亚五国感到左右为难，谁也得罪不起。,0
他那么爱你，你是他的心肝。,1
她趴在小床上，脑海中翻滚着各种各样俗之又俗却温暖实在的美梦。,1
他默默许下誓言 永远做她背后的磐石,1
那就是机顶盒发烧了，不然怎么浑身热乎乎的呢,0
维也纳是西方音乐的摇篮,1
不惧怕困难，如同不惧怕人生路上的荆棘。,1
优美的诗词呼唤着我。,1
热”要热情投身沸腾的生活中去；“冷”要冷静沉到生活的底层深蕴，大林深泉，苦心孤诣，精雕细琢，精益求精。,1
从幽深阴暗的地方倾泻出银铃一般的和声,1
生活就像拔河，不进则退。放手就输了。,1
快乐是心上凭空开出的花，美丽妖娆。,1
正因为中华民族日益走向强盛，才能洗刷百年耻辱跻身世界民族之林。,1
他跑的如乌龟一样慢。,0
东方天边的彩霞时刻在变幻，如霜枫，如榴火，如玛瑙，如琥珀。,1
他温润如玉,1
我们这个团体要注入新人。,1
你是我的优乐美奶茶。,1
她能驾驭各种风格的衣服。,1
那个计划已经搁浅了,0
心理学家不断突击罪犯地心理防线,1
风浪像饕餮吞吃的声音,0
那个战士就是威镇边疆的一棵青松。,1
这里真是商品的海洋。,1
他的眼睛瞪得像球一样,0
他狡猾如狐。,0
老师是大桥，为我们连接被割断的山峦，让我们走向收获的峰巅,1
这句话像空房子里的电话铃响，无人接口,0
她的眼睛光闪闪的像小小的蓝色冰球,1
女孩是一只蝴蝶,1
没有怨恨的青春才会了无遗憾，如山冈上那轮静静的满月。,1
物理学文献对我而言是一个广阔而未知的大海,1
这个女孩非常阳光,1
我只有一个方向去追逐那炽热的光亮,1
"柔嫩的柳丝低垂在湖面上,抚摸着微动的湖水",1
这位化学老师，声音 细得仿佛春秋时楚灵王章华宫里美女的腰,1
乡愁是一枚小小的邮票。,0
拒外界骚扰于铁栅栏之外,1
共享经济不过是泡沫,0
风和雨在屋外窃窃私语。,1
穿过花房，香香甜甜的含笑花拥抱着我,1
我们被他的演讲给深深感染了。,1
这种小动物除了老虎等天敌还得躲避来自其他方面的灾祸,0
人民的利益，人民的幸福，是我们一切工作的出发点和落脚点,1
家长对孩子总是不敢放手,0
他抓住小明这根救命稻草不肯放手,0
她皮肤只比外国熏火腿的颜色淡一点儿,0
中国工程师完美交卷,1
老张白白疼了孙子一场,0
胜利的号角响彻云霄,1
屋外，阳光泼洒着树叶，漫射在阳台的窗户上,1
也许刚刚吃过午饭，从食堂里走出来，看见夏天里如同海洋一般的绿色树冠起伏在操场的四周。,1
下雪后，整个世界如银装素裹一般。,1
描绘或者甚至设想你的文章是在猜谜语,0
时时流露本乡土音，仿佛罩褂太小，遮不了里面的袍子,0
外国语学院引导师生全面深入地用党的十九大精神武装头脑，指导实践，切实干起来、实起来。,1
12月的雪在地上盖上一层羽绒被,1
以往在“三国”故事里以“奸诈狡滑”著称的司马懿，在剧中第一次被“洗白”，颇具新鲜感。,1
因为这里才会使他的生命燃烧着绿油油的欢欣,1
他那一袭暗蓝色的裙子，大胆的系在腰间，团在他身后好像燕尾一般。,1
他嫉妒得像打翻了醋坛子,0
他像许多住在这孤岛上的人，心灵也仿佛一个无凑畔的孤岛。,0
你就是一只苍蝇，惹人讨厌,0
运动员像离弦的箭一般向终点跑去。,0
一个天才的诞生，必然是战争。,0
以经验为参谋,1
剪下一段回忆心底保留。,0
春天的太阳甚至给那最卑微的小花也注入了新的生命。,1
他像个跳梁小丑上蹿下跳,0
老百姓们看到了胜利的曙光,1
在兄弟厂这位技术员得到了不少宝贵经验,1
车祸深深的伤害了她,0
今天我就要好好收拾收拾你,0
我是爸爸的小背心,1
你的美丽，能把压力枪毙,1
骄傲自满是我们的一座可怕的陷阱,0
充分的言论推动这些话题的发展。,0
在这里插上了现代科技的翅膀,1
生活是艺术创作的源泉。,1
田泳这才发觉最真实地传递自我内心情感的还是那段故乡的生活，故乡已经根深蒂固地潜伏在自己的血脉里。,0
为维护广大群众的利益,1
文节自重，不随便往里倒文字垃圾。,0
方鸿渐恨不得把苏小姐每根骨头都捏为石灰粉,0
时间可以吞噬一切。,0
柔嘉不再说话，脸长得像个美丽的驴子,0
球队从魔咒中解脱出来,1
妈妈替小宝编瞎话,0
很容易使一些人失去理智,0
这个男人采用不正当手段打击那个女人的正常生活。,0
我们都已经长大，孩童时代的记忆还清晰地烙印在脑海里,1
中国女排去年的荣耀很快就被洲际冠军杯赛的失落冲淡。,0
如今，大理机场已变成一座漂亮整洁的花园,1
我赶紧砍断我的心绪。,0
光影的水浪纹在那账簿上一晃一晃的，似乎账簿上那些字都在那里跳舞了,1
戚薇深夜放毒吃小龙虾都不胖,0
书籍是最有耐心、最能忍耐和最令人愉快的伙伴。,1
他们投资３０多万元更新了设备和厂房，扩大了生产规模，打开了产品销路，５０名军嫂全部重新上岗。,1
看到这个消息，将军的嘴张得如一口井。,0
他同样受到排挤,0
他快速进攻到敌人篮下,1
执着的人拥有隐形翅膀,1
群山包围着这里，像是几个守护着这里的巨人。,1
法院为我们主持公道,1
时间是冲淡离别的酒，却冲不淡友谊的情。,1
你已经深深征服了我的心。,1
他给哥哥栽了个罪名,0
如果没有宽恕与和解来医治社会长年累月的创伤。,0
她眼神如同大海。,1
通过扭曲的行为获取利益，犹如毒瘾。,0
不能被命运拖着走,0
这出戏里，失守荆州的阴影始终笼罩着观众的心。,0
华北明珠放异彩 。,1
这里是花的海洋,1
弯弯的月亮像一条小船挂在夜空中。,1
书是你的一生挚友,1
当穿过苦难的荆棘时，我看到了光。,1
你是我每天抬头仰望的天空。,1
被告招了所有罪行,1
社会主义核心价值观是社会主义核心价值体系的内核。,1
国家支持粮食生产的长效机制的建立,1
兄弟如手足。,1
以方又不顾美国要求其暂时冻结在西岸兴建犹太人定居点计划的建议,0
切夫斯基就是一个铁公鸡。,0
“可爱的本溪”史展重现英烈形象 。,1
一个是摩纳哥蒙特卡洛国际杂技节，最高奖是“金小丑”。,1
苏小姐睡得像木头,0
孩子是祖国的未来,1
历史潮流不可逆转——一九九七年海峡两岸关系回顾 。,1
只要在审讯中老实交账，你就能获得减刑。,1
大海是我的母亲,1
雷雨世界像场灾难电影,0
给困难职工的心灵造成伤害,0
他的耐心一点点被消磨殆尽,0
"他眼睛瞪得滚圆,愤怒的目光利剑般地射出来。",0
叙利亚、埃及、黎巴嫩和伊朗等国指责这次演习是炫耀武力，在中东地区制造战争气氛。,0
同时，以各种名义进入广东各地的外资海外商品，使得竞争本已激烈的国内市场硝烟弥漫，很多企业被吃掉。,0
叶子上的露水就像珍珠一样闪闪发光,1
男人追不到一个女人时，总喜欢往自己的脸上贴金,0
您的笑容就是阳光下盛开的百合花。,1
他是人们心中的太阳。,1
星光洒满了天空,1
他的冷笑太危险，是穿肠毒药,0
战争如同陨石带来毁灭,0
人生是旅程,1
这些流云在落日的映照下转眼间变成一道银灰。,1
公司及海关领导共同参与了剪裁环节，为南非谷东莞营销中心开业剪出好彩头,1
他感觉自己像是掉入了一个冰窖,0
心在飘动，似要飞走,1
他已经成为了一个传奇,1
他像蛇一样灵活。,1
大黑山戴上了一顶白云的帽子,1
在人生的道路上不偏航向！,1
因为这点小矛盾就使我们的友谊破裂了,0
"你个死小子,要不是你惹出来的事情,你老爹我怎么会在这儿陪绑",0
这句话仿佛是一束温暖的阳光直射我的心田，抚慰了我受伤的、幼小的心灵,1
我的世界’这款游戏如同旋风一般在世界流行。,1
更多的研究表明，重压之下，孩子们活泼好动的天性会受到压制。,0
空气像一块晾得太久的毛巾，连最后一缕水汽也已被抽干吮尽。,0
水上，拱着古老的石桥，像一弯清秀的眉毛。,1
罗马文明在一夜之间倒塌了,0
我梦想有一天，连密西西比州也将变成自由和正义的绿洲。,1
而当初夏，山洪激发，奔腾澎湃，黄河之水天上来，飞流直下千万里，其神魄，其气韵，顿使我心胸为之开阔，禁不住仰天长啸。,0
他比谁都能制造事端,0
议员们用极为激烈的言词攻击了这项议案,0
生活有时会带来某种情绪的波流。,0
好汉不吃回头草。,1
他们的关系升温了,1
秋天，金黄的麦子弯腰了。,1
"听不进一点不同意见,这样的人没有不跌跤的",0
时间是一把杀猪刀，在你的眼角刻下了纹路。,0
河流是地球的血液,1
水仙花很漂亮，像站在小河边穿着白衣服的仙女,1
老师的劝导逐渐融化了这对同桌之间的隔阂。,1
她的文章写得很好。结构就像人体内的神经结和神经网的关系那样严密。,1
让我们永远珍藏着这次考察中建立的深情厚谊。,1
它的成功，正如主办人托尼·巴伯所说，在于它的浓郁的中国民族风格和超绝的人体技巧，这是不同于西方的马戏团的，它能吸引和征服西方观众的地方正在于此。,1
他一直在掩盖自己的矛盾,0
孤独会变成酸液腐蚀人,0
他上班开小差，结果丢了饭碗,0
该网络打破传统的入网方式，采用开放式的按主叫计费的方法。,1
通过一个晚上的交谈，他把他那坚定的信心传染给我们了。,1
沉默或许会让我露出马脚，但我在别人面前拼命压抑的模样，铁定泄露更多。,0
他像一只公鸡一样高傲。,0
河边的柳树亲吻着河面。,1
“无知”是骄傲肥沃的土壤。,0
一百年后的今天，黑人仍生活的世界就像物质充裕的海洋中一个贫穷的孤岛。,0
陈长禄不仅带来了党和政府对贫困山区人民的关怀，而且带来了脱贫致富的金钥匙。,1
他在两种意见之间摇摆不定,0
自古府南二河环绕芙蓉城，宛若慈母双臂拥抱宁馨儿。,1
一股严肃与崇敬的心情，又不禁从我心里激荡起来,1
张家的女儿攀上了高枝,0
如果骄傲没被现实大海冷冷拍下，又怎会懂得要多努力才走得到远方。,1
车出上海，公路像得了脚癣,0
霍金最终跃进了属于自己的虚空。,1
阳光洒落，却被树影割碎,0
你有接触过这件事的真相吗？,0
这场危机来势之猛、蔓延之快、影响之大都远远出乎白宫和经济专家所料。,0
他就像一个木桩一样,0
父亲满脸放光。,1
你是我在沙漠中前行时远眺看到的绿洲。,1
仅靠政府输血,0
理想中的留学回国，好像地面的水，化气升上天空，又变雨回到地面,0
他收到一份茶砖作为礼物。,1
滴滴、快的两家公司好似孪生兄弟,1
幸福是暖炉，给寒冷的人温暖。,1
生存的小品文，必须是匕首，能和读者杀出一条生存的血路的东西,1
孙秘书因那一件事就一直对我存着戒心,0
动物是人类的朋友,1
哥们谁也没有掩盖自己的错误,0
婚姻是一场没有输赢的游戏,0
我几乎牺牲了原本可以用来阅读的课后时光。,0
他像羚羊一样敏捷地跳来跳去,1
他灵魂中快乐和光明的亮光被切断了,0
一个时期典型树得太多、太滥，像走马灯、一阵风，反而会使宣传效果相互抑制，甚至冲淡和淹没重大典型的宣传，学习活动也难以收到扎实持久的成效。,0
现在的粮食不值钱，一担谷５６块，这还是国家照顾，市场上价格更低，早籼稻几乎没有人买。,0
剪纸是我们中国特色文化中闪耀的一颗星。,1
大企业相信，只有不断扩大经营规模，扩大市场，企业才有生命力，为此而不惜牺牲利润，造成规模过大，战线过长，经营重点不突出等积弊。,1
酒精浸透你每个神经,0
他们的工作能力丝毫不掉价。,1
婚姻结束了浪漫,0
退休以后老人就这样寂寞地打发着日子,0
感动时鲜花也会流出眼泪,1
他们是一丘之貉。,0
当你站在荣耀的顶峰，不要忘了有许多人为你辅路。,1
汗水让梦开出了花。,1
他嘴里嵌英文字，还比不得嘴里嵌的金牙,0
当暖流涌进居民楼，原来无奈中准备用土暖气御寒的住户喜上眉梢，奔走相告：“市里给我们供热了！” 。,1
悲痛的脸上泛起一种轻蔑的喜悦,0
他窃取了农名起义的胜利果实,0
各种类型的丛书辞书专著萌发了难以计数的论文。,1
作为一次成功的战例司令部能够及时地把握战机,1
水军在网路上散播的一些消息,0
语文是一个折射人生的多彩世界,1
厂里必须跟人家赔礼,0
他把正能量传递给身边的每个人,1
 中国愿意加强同联合国和其他国际组织的协调，促进在扩大经贸科技交流、保护环境、消除贫困、打击国际犯罪等方面的国际合作。,1
老师说的那段话深深地刺激了她幼小的心灵。,0
在老家老徐吃上了抚恤金,1
晚会上服务员直赔笑脸,0
面对强盗的搜刮，平民不得已交出来自己最后的余粮。,0
一遇到危险他就像只老鼠。,0
因为一点个人恩怨他就总不遗余力地攻击单位领导的失误,0
在艺术上需要探索新的戏剧审美旅程。,1
他的眼睛像只鱼钩，钩住安娜的眼睛，把它们拽出来对着自己。,1
他有两条大象腿,0
他真是一个铁石心肠的人。,0
这一点一滴的变化，集合起来就是磅礴的力量，推动着中国发展进步，折射出中国改革开放的伟大进程。,1
他那张小脸似乎是战争种种破坏力的一副缩影,0
俞斌九段今天在汉城执黑以７目半的优势击败中国台北棋手周俊勋三段，从而以两战两胜的战绩闯入第九届东洋证券杯世界围棋赛八强。,1
船尾沸腾着纯白浪花，好像勇士们思乡的情感,0
美国中等家庭的收入仍未恢复到上次衰退前的水平,0
大象的腿像四根柱子。,1
在创作技巧上这部作品继承了明清小说的浪漫主义风格,1
邵老师把慈父般的关爱倾洒在孩子们身上，让远在他乡的少数民族学生感受到“家”的温暖。,1
萤烛之火，也敢于日月争辉？,0
有人担心，以市场换技术的方针会成为我们民族工业发展的障碍。,0
叶子出水很高，像亭亭的舞女的裙,1
中国精神是维系中华民族的桥梁,1
从桥上向东望，可以看见浦东的洋栈像巨大的怪兽,0
他蠢得像头猪,0
蟹爪兰像一位娇气的“小公主”一样，一动不动的，什么事情都不肯做。,0
６０年代中期以来，西欧、日本和第三世界国家力量的发展冲破了两极格局。,1
军训一天结束后大家成了死尸，拖着疲惫的身子离开了。,0
记者是啄木鸟,0
校园是一层保护膜,1
撑一如伞松荫庇护你睡。,1
他觉得他女朋友就像小仙女。,1
霎时间，街道成了喧腾的大海。,1
生活是一段绚丽多彩的旅程。,1
绵延的海岸向无尽的天际伸去，海浪抚熨得平平整整的沙滩似一条长长的缎带装点着这座美丽的城市。,1
发如白雪，他的悲哀就静静地沉淀在那,0
敌人建立傀儡政权，我们便以敌后抗日政权对抗它,0
万宝璐的新闻可谓元旦档的一颗重磅炸弹,0
保住了几十年的发展果实,1
这女孩子就不伶俐洒脱，心里不便窝藏她了,0
他们都不听我的意见,0
“一带一路”已经成为推动全球经济转型升级、走出衰退困境的新引擎。,1
冰雪舞动着哈尔滨的魅力,1
他蜷起身子像是一只被遗弃的猫。,0
这股爱的潜流两年来一直在她心中翻腾,1
首先是乐曲的本身，在维也纳音乐会上演奏的曲目都是世界音乐文化中的精品，而人们总是永远不会厌倦世间最美好的东西。,1
是媒体对体育运动的报道，引起了大众对体育的关注，激发了大众对体育的热情，制造了体育明星。,1
可现实却锁住了一个轮回的梦,0
威廉的话刺痛了简。,0
他的疑团也就冰释了,1
我们在司法实践中发现，交通肇事发生后，肇事司机由于法制观念淡薄和缺乏法律知识，经常步入误区。,0
神父阴沉的眼睛像火焰在燃烧,0
每个人都是待宰的羔羊。,0
这位青年一直在追求真理,1
他积累了许多宝贵的经验,1
犹如沐浴在爱的海洋中,1
树缝里也漏着一两点路灯光，没精打彩的，是渴睡人的眼,0
许多村民因为这场灾难吃起了救济,0
飙车族破坏了社会秩序,0
音乐教师刘德庆用口琴将孩子们引进音乐的殿堂。,1
夏日里，荷花恣意地张开她的胸膛拥抱太阳。,1
他长期接受过儒门的熏陶。,1
人的潜能是无限的宝藏。,1
他的朗诵深深感染了观众,1
生命是一曲优美的交响曲。,1
人们不禁要问，美国在对待亚洲金融危机问题上为何来了个１８０度的大转弯？应该说，原因是多方面的，但维护它的自身经济利益及其在亚洲的战略利益是根本出发点。,0
共产党是人民的太阳,1
理想张开翅膀起飞,1
如果你是花朵，我们一定做好护花的绿叶,1
就这样，经纪公司将一个好看却无聊的皮囊包装成了明星,0
她那张皱纹纵横的脸，舒展得像绸缎一般，光闪闪的,1
驶向胜利的彼岸。,1
封建社会的统治者惯于榨取人民的财富。,0
我就是城墙砖缝里的一条小虫。,0
冷漠冰冻了你的人生,0
我们曾经是祖国的花朵 ,0
经典名著是人类思维的花朵。,1
太阳像火球炙烤着大地,0
元旦的大连市区是一片欢乐的海洋,1
广大青年要勇敢肩负起时代赋予的重任，志存高远，脚踏实地，努力在实现中华民族伟大复兴的中国梦的生动实践中放飞青春梦想,1
那是人类的智慧和文明的结晶。,1
现在它巨大的窗户像张大的嘴，迎着海风，电线从天花板上吊下来。,0
把我对你的思念放在纸上,1
魏征是唐太宗的一面镜子,1
岁月曾经给予我一颗烂漫天真的童心，那份童心的纯真快乐足以抵御那时生活给予我的贫穷,1
即使有什么悬而未决的疑问，也因此而扼杀在摇篮之中了,0
在日本一些地区，有些人还自备黑豆，“暗自吃光”，取“吃掉晦气”、“暗中斗黑”之意，并在年饭时吃光，“以迎光明”。,1
学校为学生的发展提供了广阔的平台，许多学生在此腾飞。,1
他的话在这冬夜宛如炉火，温暖我们的心。,1
"岸边的华灯倒映在湖中,宛如颗颗宝石缀在湖面之上",1
信任是一缕阳光。,1
许多冒险者不惜1600尘的高价为她的新单曲埋单,0
小明把他的合伙人从企业排挤出去,0
它的鼻子像桔红的糖果,1
老师就像蜡烛一般，燃尽自己，照耀他人。,1
眼睛像窗户一样，能看到你的心灵。,1
方鸿渐心中电光瞥过似的，忽然照彻,1
他蜿蜒地挤过人群,0
与其让生命生锈，不如让生命发光发热。,1
只能使人才的春草枯黄、萎蔫。,0
可就是这么一个看似平凡、平庸的角色，于波谲云诡的权力角逐中，在歪风邪气的包围下，正确地驾驭着生命之船，一直驶向理想的港湾。,1
这红鲜鲜圆鼓鼓的荔枝，瓤肉饱满晶莹，雪白如糯米汤圆,1
青春如同奔流的江河,1
只待她进屋，那便是瓮中捉鳖,0
这将成为美国的致命伤。,0
教师们对我的关心如同泉水一样甘甜。,1
升旗手迎着东方第一缕朝阳，将长5米、宽3米的特字号五星红旗高高洒向天空。,1
我是一只风筝，始终牵着我的祖国。,1
三毛来到撒哈拉，不仅是为了寻找前世的乡愁，她亦是在这里修复自我,1
他是茫茫大海中的灯塔。,1
他比任何人都要追求名和利,0
安子文同志在深入调查的基础上，决定在敌强我弱，一时无法阻止敌人组织维持会的地区，采取一面摧毁地主掌握的维持会，一面由秘密党员和进步群众控制维持会的“两面政权”策略。,1
人性就像大海；如果大海中有几滴水脏了大海也不会脏,1
天空在哭泣。,0
汽车的挡泥板像翅膀一样展开着。,1
夜深人静时小赵将岁月从脑海记忆深处拿出来反刍回味一下,0
山姆的脸白得白纸似的,0
他像离弦的箭一样跑过去,1
没有向困难开火的勇气，我们将一事无成,1
天边的月亮像是小船。,1
王氏便把事情的经过加以渲染，有声有色地叙述一遍,1
人本是散落的珠子，随地乱滚，文化就是那根柔弱又强韧的细丝，将珠子串起来成为社会。,1
雨水洗刷了我的愤怒,1
她是绝美月光。,1
正直的人做事不可出轨。,1
彩票是他最后的救命稻草。,0
这个公司的资金目前无法流动。,0
爱情是毒药,0
他们被压迫得慢慢像西洋大都市的交通路线，向地下发展,0
张三打了一手好牌。,1
我不是你的终点站。,0
这一局面来之不易，值得我们共同珍惜。,1
学校选课系统像乌龟一样慢,0
总有一天孤寂将会使你厌倦，你的骄傲将会扭曲，你的勇气将会咬牙切齿。有朝一日你会呐喊：“我孤独！”,0
他凭借自己的能力，一路爬到了市分行的高层，负责中小企业贷款业务。,1
这个嬉笑怒骂、谐谑四出的人物，为我们的文学灌输了先前少见的情调。,1
毕业后他就在这座城市扎根了。,1
对经营不佳的企业，解剖原因、分析症结的人往往很多,0
她立刻给这个计划泼冷水。,0
他通过学习积累了大量的知识,1
新兴的黄泥河经济开发区，各地商人纷至沓来，连外资也大胆涌入，新潮流、新观念、新信息把这块古老的红土地闹腾得生机盎然。,1
他继承了大庆人的精神,1
他仿佛与世界之间有着许多层的纸拉门,0
你这个畜生。,0
大学是知识的沃土,1
他像过街的老鼠一样。,0
现代中药的大厦必将被他们的双手托起,1
奶奶的脸上盛开了笑容,1
曾经的年少无知，曾经的冲动梦想，都被时间的大手轻轻地擦去了。,0
她是小仙女,1
老和尚终于逃避开世俗纷争,0
天空是绵绵的糖，就算塌下来又怎样,1
青年受到网络游戏的侵蚀,0
社团在经济方面挑不出任何漏洞,1
每个人的生命都像一辆跑车。,1
书中写的虽是一个人眼中的世界，却折射出中国一个世纪的沧桑。,0
比赛中防守做得好对手便无法进攻,1
母亲像点燃的蜡烛,1
请搭一把手给我,1
在这种打击下他硬是挺了下来,1
你太一门心思地聚焦美国了吧,0
他的气节如同竹子一样,1
春雨跳着欢乐的舞。,1
近几天悉尼城变成了欢乐的海洋,1
雪像棉絮一样降落下来,0
高尚是高尚者的墓志铭，卑鄙是卑鄙者的通行证,0
这是一支生活根基扎实、知识积累厚实的“实力派”作家群。,1
我们应将时间视作钻石,1
帝国主义向我国伸出了魔爪。,0
我哪里会把消息透出去，那不要引起工商界的波动吗?,0
葛朗台心肠如蛇蝎，为达目的不择手段,0
苏小姐把自己的爱情看得太名贵了，宛如做了好衣服，舍不得穿，锁在箱里,0
他经历过无数风雨。,1
对时间的无言，对生命的目送。,0
过去厂长总是回避矛盾,0
我们还去仿佛世外桃源般的湖区待了好几天。,1
如果把自己活成了压缩饼干，几天可以，时间长了受得了吗？,0
他对下属特别严苛，简直是把人当驴使。,0
电影《战狼》唤醒了广大国人的爱国之情。,1
这次活动替我们的产品扩大了影响,1
恐怖分子是魔鬼,0
低水平工资是这家公司的软肋。,0
这架飞机形同大雁。,1
这个计划几乎在一瞬间就在李磊脑中搭好了。,1
他是我们班学习的领头羊,1
车里的座位像火一般地烫人。,0
对她而言，他就是她的氧气。,1
巨浪吞没了那艘船。,0
他说，相信下个世纪中国在全球舞台上将会扮演更加重要的角色。,1
你做这些也掩盖不住你的罪恶。,0
"一个国家一条腿长一条腿短,也会跌跤的",0
你因为软弱才一再回避厂里的这些矛盾,0
白莲品质严重退化,0
他终将会像神龙一样腾飞,1
"为了躲避官府的横征暴敛,1929年我们全家在深山老林里安了家。",0
他像一条毒蛇。,0
他今天早上肯定没刷牙，说话这么难听,0
他的演讲打动了台下的观众,1
时间熄灭了他内心的激情。,0
春天就像健壮的青年,1
这数十人在霎时间变得如泥塑木雕一般,0
企业经营管理者应如何『充电』？ ,0
 孩子紧紧地牵着高飞的风筝，不，那不是风筝，那是孩子放飞的梦。,1
他操纵了别人的人生。,0
你们这些不值一提的渣滓！,0
自强不息是中华民族生生不息的力量源泉,1
让世界是世界，我甘心是我的茧。,1
阳光充满了整个房间,1
又推出设置警长公开栏的举措,1
中国封建社会往往是只许州官放火，不许百姓点灯,0
它那现在已不复存在的林木曾经温馨地煽起人类最后的也是最伟大的梦想。,1
他的身份还是一团迷雾。,0
窗外的灯火就是你美丽的脸,1
正在棋艺顶峰攀登。,1
"中国队不断地变换发球方法,以使对方把握不住规律",1
方形塔楼一统天下的格局已被打破，各种Ｘ形、Ｙ形、蝶形等设计方案将使每套住户都有朝阳的房间。,1
年少时的梦，随着岁月的长河，慢慢走远了。,0
王大雷继续把守龙门,1
张家界美的像仙境一样。,1
自己侧脸惊愕的神情，宛如小偷给人捉住的摄影,0
我的心碎了,0
在人道、仁爱、同情、利他这些最基本的人格的土壤上。,1
柳絮抚着那条街,1
他们还要通过修改，把作品打磨得更其精细,1
要时间到了，长安街就成了喧闹的海洋,1
他如离弦之箭般冲向终点。,1
希特勒上台了德国变天了,0
邱少云像巨石般匍匐在草地上,1
她的裙子像盛开的花儿。,1
一批经典剧目和新创剧目如朵朵奇葩在舞台上竞相盛开,1
字典是无言的老师,1
坐在太师椅、小板凳、蒲团上的学生们，人人用专注的神情，思索的目光追随老师的思维，踊跃地回答各种各样的问题。,1
你哺育了中华民族几千年，而今，又鼓舞着亿万人民乘风破浪，急流勇进。,1
老师的话照亮了我前进的路,1
改革是一支催人奋进的鼓槌，等待我们去擂响时代最强音。,1
他在课余时间经常多读书来为自己充电。,1
当前，国内外形势正在发生深刻复杂变化，我国发展仍处于重要战略机遇期，前景十分光明，挑战也十分严峻。,1
在奇异博士的眼里巫术不过是游戏罢了,0
此结论由于例证的谬误成立不了,0
利率浮动改革还不能从根本上解决问题,0
人们拒绝了诱惑，信念如磐石一般坚定。,1
他真是有眼无珠。,0
这样的同胞多像当年鲁迅笔下的『看客』！ 。,0
日子过得紧巴巴,0
他丢下了这个世界，选择离开。,0
国画是中华民族文化结晶,1
这个事情不能再干下去了，赶紧刹车,0
他们两在群众面前耍开了两面派,0
菊花伸伸懒腰，探出头来，就像一位菊花仙子，露出了笑脸,1
英语语法书开始泛滥,0
清晨的阳光终于刺破了浓浓的雾气，阳光泄地，一片闪闪金芒！,1
它在重筑我人生的过程中起到了重要的作用,1
哥德巴赫猜想是数学界的王冠。,1
他肚子里有墨水。,1
"今年公司投入2亿元,加大科研力度,重点攻坚铝模板",1
阿芙罗狄忒是美的化身。,1
汽车缓慢地爬行在崎岖蜿蜒的山道上。,0
只见他两只眼睛瞪得圆圆的，目光有点凶，两条月牙似的眉毛竖了起来,0
老师是园丁，浇灌着祖国的花朵,1
枪毙一切形式主义的官样文章,1
把人民政协事业推向二十一世纪的重任，历史地落在九届全国政协的肩上。,1
爱情是人生一道亮丽的风景线,1
小张比赛失利信心亏损,0
书籍是智慧的钥匙。,1
我愿将这份忧伤永远埋葬,0
盖茨比指着一位端坐在一棵白李树下的像天仙般美貌的女人。,1
灾难老是折磨他,0
老大比我们几个承受了更多的生活重担,0
是的，普普通通的人，学习周总理的榜样，从点点滴滴的小事做起，会铸就高尚的灵魂，会使自己走进高尚的生活。,1
勤劳是人生的摇钱树。,1
她是带刺的玫瑰。,0
放飞和平的信鸽,1
而俄联邦安全局则一再声称，关于俄黑手党的“神话”是人为地制造出来的，事实被大大夸张了。,0
生活是一个刽子手，刀刃上没有明天。,0
阳光细碎地投下蝴蝶般的剪影。,1
周琦简直是火箭的救星,1
如果这些国家陷入衰退，就会削弱对美国产品的购买力。,0
归根究底不过是，形同空气的虚伪罢了。,0
青春浅然成一朵鲜艳欲滴的姹紫嫣红,1
西湖，就是镶嵌在这天堂里的一颗明珠。,1
我远离我的祖国，只好做脱线的风筝。,0
他说这样的话真掉价。,0
花落如绚丽烟花散开。,1
扼住命运的咽喉,0
行走在冬夜的冷风中，如同刀刃加身,0
这场危机将导致近７年来一直健康增长的美国经济“出轨”,0
她的脸像QQ糖，摸起来软软的。,1
恋爱就像钢琴，最高雅的资料摆在最不高雅的人家里，真正的高雅者却享受不起。,0
而今，火车汽笛声唤醒了沉睡的荒山，宣告了经济大发展的时代来到了。,1
思念的情愫无时不在煎熬着外乡的游人。,0
让快乐在身旁盘踞，把忧愁全部吞噬，让疾病不敢来袭。,1
他像老鹰一样有着锐利的眼神。,1
如何选择和设计社会保障体系的目标模式,0
但是关于他们的这些言论似乎并不被网友买账,0
姑娘失去了生活的勇气,0
幸福就像“百分之百”的黄金,0
他被视为行业中的标杆,1
夜空中的星星就像无数只眼睛似的一眨一眨的,1
她羸弱的身躯支撑着这么大的摊子，真是不容易的事情。,1
太阳光射散了阴霾的云气，像一把火伞撑在半天,1
可不曾想，地震中小贺家新盖的六间平房山墙塌了，屋顶也裂了，婚礼眼见就要泡汤。,0
她顿时感到周围的世界像一个口袋,0
他简直是个老狐狸。,0
我口干舌燥，胃肠像火烧烤着。,0
一串串往事如云,0
母亲是遮风挡雨的雨伞,1
这一微小的细节，也被警官及时准确地捕捉到了,1
老师像蜡烛一般，无私地奉献着。,1
要相应切断实物分房渠道,0
我们这颗参天大树正在坐以待毙,0
春天是一只快乐的小鸟,1
这只羊好像吃光了一座原始森林,0
时间是一个伟大的作者，它会给每个人写出完美的结局来。,1
车站中人像蚂蚁一样挤成一团。,0
明星在演唱会一个动作就能点燃全场观众。,1
历经千秋万代，民族精神依旧屹立不倒。,1
大会的主题是 不忘初心，牢记使命，高举中国特色社会主义伟大旗帜，决胜全面建成小康社会，夺取新时代中国特色社会主义伟大胜利，为实现中华民族伟大复兴的中国梦不懈奋斗。,1
如何深度开掘激发“冬奥红利”，搭载着体育、经济、社会、人文、国际交往等诸多内容。,1
这一切使大家的心灵受到了强烈的震撼。,0
走上沙滩，我们沐浴在阳光之下。,1
那些美好的瞬间凝固在我心里,1
他在地质部工作期间所锤炼的革命风格值得我们学习、继承和发扬。,1
机房的机器同火箭一般,1
就业的机会就是夜空中的流星。,0
感情这东西浅尝即止也未必是坏事,1
他的嘴巴像个马蹄掌。,0
如果不进行改革，我们都会沉入海底,0
这台机器敏如鹰眼,1
除其自身股价下跌和股票交易额锐减外，许多大金融机构纷纷终止了与该公司的合作关系，如樱花银行、东京三菱银行及国民西敏寺等大银行旗下的资产管理公司均停止委托野村公司交易证券。,0
为了支撑自己的论点，他只好胡言乱语,0
夫人正在给报社突击一篇稿子,1
我一直害怕那句话说出口便掉价了。,0
因为他们出拳不像这儿的戴顿警探那么斯文、干净，粉扑一样的。,0
我们该把握时机，贡献社会,1
在我们家花园里那张圆木桌旁度过的时光，永远烙印在那些让我一心只求时间能够暂停的早晨里。,1
风掀起夜晚的一角,1
这两人情同手足。,1
她的爱情被湮灭在离别里,0
他就是一块爱都不懂的石头,0
时间刀斧，叮叮敲开斑驳的想象,0
她是太阳，离开了地平线，却闪耀在天上！,1
他的出现使会场的气氛降到了冰点。,0
父母对孩子一味的放羊对孩子成长是有害的,0
骄傲自满的人必翻车。,0
这样的阔气王太太摆不起,0
你是人间的四月天,1
她的眼光中还带有上一秒的空洞，由于突然性，她没有成功的对焦他的脸。,0
他如一颗珍珠，虽在人群中蒙尘，但难以掩盖光辉。,1
他瘦的就像一根竹竿。,0
银白色的诗情抽成飘渺的香气在夜空下荡漾开来,1
你给我想象不到的快乐就像绿洲给了沙漠。,1
他的这个黑帮的一个爪牙,0
失望像不倒翁，捺下去又竖起来，反而摇摆得利害,0
村口盼归的灯盏依偎着阑珊的夜色,1
笔端开出第一朵爱情诗的蓓蕾。,1
爱情是人生的一所夜大学。,1
这样的人就是社会的蛀虫,0
他弘扬的美德好似潺潺的湘江水在三湘大地上源远流长。,1
栀子花开，采满篮的花香，守候在你经过的路口,1
我亲手埋葬了他的梦想,0
我是只被囚禁的小鸟,0
吃粉笔末指教师职业吃不出万元户来,0
此刻，他是战场上的死神。,0
岁月就犹如一程寂寞漫长的孤旅,0
因为一场交通事故，一辆豪车报销了。,0
残酷的现实击碎了我的梦想,0
过日子就是点蜡烛，点一点少一截,0
金钱容易麻醉人的意志,0
你是我心中的棉花糖,1
她听到这个消息后，就像吃了定心丸。,1
秦牧的作品是一个五彩缤纷的画廊,1
扬州真像蜃楼海市一般美丽,1
蓝鲸的背就是一个巨大足球场,1
特朗普攻击了希拉里的丑陋,0
有人说，石狮是文化的沙漠。,1
赌博毕竟不是光彩的事，赌客害怕尊容曝光也就不足为奇了。,0
汤姆嘴巴张的像球一样。,0
这雄壮的歌声里充满着力量,1
不法商贩到处散布涨价信息,0
毛主席是我们心中的红太阳。,1
宿舍墙外的洋水仙上沾满了雨水，像含着满眼的泪珠,0
"他们都是来看哥笑话的,你只不过是陪绑",0
"雪很快地覆盖了军需处长的身体,他成了一座晶莹的丰碑",1
他就像那黑夜里的明珠,1
梦为努力浇水,1
我的思绪冲杀在无尽的茫然之中,0
应当把你的语言放在心上锤炼。,1
查理像兔子般跳起来,1
这个88%巧克力苦的像中药一样,0
四合院像一个方方正正的笼子。,0
说耸人听闻的谣言，报纸简直放屁。,0
明白爱情跟性欲一胞双生,1
在我的印象里，瓦是童年的底片，能冲洗出乡村旧事。,1
扬起希望的风帆。,1
这又是呼风唤雨的手，是掌握了现代科学技术钥匙的手。,1
在科学领域，爱因斯坦是一位巨人。,1
你的话是我脚前的灯，是我路上的光。,1
在图书馆扒着睡觉的时候流口水，就象晚年石钟乳一样。,0
老师是雾海里的航灯标,1
青春在此时绽放。,1
不及时给自己“充电”，在前进的路上就会动力消失。,0
这雨，使得时间似乎凝固，只有墙上的钟告诉你生命在延续。,0
书籍是迷雾里的航标灯。,1
非是贫僧舍不得这副臭皮囊。,1
我走到老树旁听得树枝震颤发出低声怒吼,0
少先队员是祖国未来的花朵。,1
他心如止水。,0
一些外商采取不正当经营手段侵犯我们的权益,0
读书就是回家。,1
升华了荧屏视听艺术形象的美学品位,1
我国的体育产业在８０年代初就已经萌芽。,1
是我们都在努力，向着光的方向。,1
英国人看惯白皮肤，瞧见她暗而不黑的颜色，以为有肥腻辛辣的引力,0
如果小毕执意把我当作他年少时代的瓦尔登湖。,1
这是生命的真正的阳光,1
你就像烟火的美丽,1
公安部门的同志告诉我们，对这些美容美发店的色情服务，曾清理打击过几次，但不久就死灰复燃。,0
一则谜语，传递了十二生肖神奇的韵味。,1
他有着一个木瓜似的脑袋。,0
爱情不是你想买，想买就能买,0
李白像神仙一样活着,1
他的热情融化了我冰冷的心。,1
爱情是心中的暴君,0
整个房子沉浸在沉默中。,0
我的心像抹了蜜一样甜。,1
任何人都不能污染她,0
学院变化真大呀，会议室里的人一半都是新面孔。,1
中国正在腾飞,1
你的计划像一个天真的梦想,0
与其让生命生锈，不如生命发光发热。,1
他把炯炯双目注射至基础理论上来了。,1
友谊的种子播撒在智利土地上。,1
小张无事可做尽给我们添麻烦,0
小明就是一个文学博物馆,1
大战之前的空气像冰一样,0
她感到整个牢房就是一块大冰,0
那个时候我们畅想的未来，像是放在真空玻璃房里的绚丽玫瑰，上面闪烁着晶莹的露珠。,1
马路上一串串明亮的车灯如同闪光的长河奔流不息。,1
阿泰斯特像一头牛一样冲进了看台。,0
如果你想享受真正的自由，就必须充当哲学的奴仆。,1
我下回再来找你算账。,0
他不得不在一家地狱般的工厂干活。,0
吕后的心肠像蝎子一般。,0
这个酒瓶像死去的太阳,0
科技创新给这个企业不断的注射动力。,1
他性格软弱，就像小绵羊一般。,0
塞纳河孕育了巴黎，诞生了法兰西。,1
字典就像一个不开口的老师,1
令人向往的宁静中，观赏如此美丽的月亮，皎洁的月光似静水一般，向地面洒去，这就是妙龄少女轻轻地对大地耳语。,1
每个角落都是天堂,1
你的话里都是文章。,0
生活就像海洋，只有意志坚强的人，才能到达彼岸。,1
我用一些无关紧要的话打破僵局。,1
爱枯竭了。,0
老狗学不会新把戏,0
总裁刘继臣认为，不见硝烟的商战说明了郑州商场群落的发展步入了成熟期。,1
我眼红他的成就。,0
睿智的老师是教育的心脏,1
他的文章打破了传统的格式,1
老师是园丁，辛勤浇灌祖国的花朵。,1
鸿渐心直跳起来。又给那脚步捺下去，仿佛一步步都踏在心上,0
图书是知识的海洋,1
"人到中年,就如同站在人生的十字路口上。",0
那个模特走路的步伐像猫一样轻盈。,1
我会像青草一样呼吸,1
学校就是我们的温馨的大家庭,1
你是他现在的救命稻草了。,1
暂时的挫折和失败都不能击垮我。,1
时间逐渐融化了他的缄默。,1
因为经营不善，这家企业最终翻车了。,0
"这个官员下台后,便闭门谢客",0
由于心脏病老师没能编制教学方案,0
什么是爱情？爱情是大自然的珍宝，是欢乐的宝库，是最大的愉快，是从不使人生厌的祝福.,1
他对她的爱如海洋,1
他不过是一个传声筒，制造传言的并不是他,0
一系列改善和加强金融服务的措施相继推出,1
书是人类的雨滴，帮助人们滋润荒凉的沙漠。,1
夜晚的星星像瑰丽的宝石一样，一闪一闪的。,1
这座城市曾是美国工业的心脏,0
他开始飞奔，宛如脱缰骏马。,1
我们停下来沉醉于美丽的风景,1
我国正攻坚改革中的难题,1
他可把我们整苦了,0
荷叶上的露珠晶莹透亮，好像一颗颗珍珠一样。,1
你的心胸像大海一样宽广。,1
这个楼盘的销售降温了,0
卡里昂老头子无法清除五六个强大的“家族”,0
美国政府4日以牵涉伊朗弹道导弹项目为由，宣布制裁5家伊朗企业，意欲开撕伊朗。,0
发配入大地狱，不许超生罪人。,0
法西斯用飞机和大炮毁灭了世界人民的幸福,0
乔治是个闷葫芦。,0
全面推向21世纪的蓝图,1
人们常常称瑞士为欧洲的心脏。,1
忽然徐曼丽像燕子似的从她所站的弹子台跳到另一张弹子台上去了,1
"自己国内种族岐视泛滥,反而指责别国不讲人权",0
认识美的本能是上帝给我们的一把秘钥,1
他们比你还能闲扯,0
理想信念是思想和行为的定向器,1
有很多人，就像狼一样活着。,0
真正的朋友，是一个灵魂孕育在两个躯体里。,1
中年可能是一张旧船票，能不能登上新客船，由不得自己,0
别人的嘲讽熄灭了我的激情。,0
历史就是一条河，也许会载着我们随波逐流，但我们可以乘帆远行、掌握航向、共同前进。,1
这部剧是通过潘汉年的革命斗争经历将中国革命史上的一系列重大历史事件和人物串联起来，在事件中突出人物性格。,1
玩累了的女儿就是贪睡的小猫,1
一代又一代表演队员时刻牢记党和人民的重托，在蓝天写下了壮丽的篇章，先后为七十八个国家和地区的一百六十一个代表团进行了二百一十三次表演，成功率达百分之百，享誉世界。,1
低工资是这个国家经济发展现阶段的一张王牌,0
宽容是一束光，折射出一个人良好的涵养,1
这种谈话就像她们身上穿的素衣一般清爽。,1
我看得出在她的内心翻腾着激烈的感情。,1
他跟狗皮膏药似的,0
哥德巴赫猜想就是人类思维的花朵,1
作业是学生的负担,0
人啊，就像一根芦苇；但他是有思想的芦苇,1
广州城在节日期间成了欢乐的海洋。,1
今天我在室外停车场遇到了一只流浪猫，它正懒洋洋地趴在废弃的木板上晒着太阳，原本纯白的毛发上沾满了尘土，尾部几缕还不知被什么东西粘在了一起，直直地挺立着，像极了小女孩的羊角辫。,1
杰克与骡子一样倔。,0
痛苦像不可缺少的音符漂浮在生活。,0
８日在多伦多法庭上的审讯，是伊格尔森从天堂跌入地狱的转折点,0
他的讲话带动了整个会场的氛围。,1
他是一个多面手。,1
我们在采油方面闯出了自己的路子,1
她微抿着嘴角，妆容精致眉目如画，看得余周周神情恍惚。,1
窗外高楼林立，是成片钢筋混凝土筑成的森林,1
中国精神是兴国强国之魂,1
不像花现钞，当你刷卡时你不会感觉象是在割肉,0
这个计划必须赶紧刹车,0
果然过了一会儿，在那个地方出现了太阳的小半边脸，红红 ，却没有亮光。,1
这个念头刚刚出现，李磊就吓得赶快擦除了。,0
孙毅将军用力地同我握了握手，然后，惯例地抬起左手在我的胸脯上“猛捶”了两下，眼睛闪闪发光，胡子微微翘起。,1
小明热的冒烟,0
他的眼睛像明星一样深邃，令人着迷。,1
鲜血渐渐蔓延，像一条可怕的虫子,0
空气在令人神怡地缓缓拂动。,1
这会儿，他又在为自己的体力充电了，这可又苦了我喽,0
渐渐开始尝到了孤单,0
在房子问题上我们照顾了各种关系,0
你就是我心中的棉花糖。,1
银行冻结我的全部财产。,0
现场的气氛为之沸腾,1
生活是一望无际的大海。,0
儿童是宝石,1
她甘做绿叶，衬托他人,1
爱是重建的希望,1
在我的身上你可以看到一天的曙光,1
天也是暗沉沉的，像古老的住宅里缠满着蛛丝网的屋顶,0
不信，请看那个流星，那是他们提着灯笼在走。,1
你可不能打这件东西的主意。,0
在此我们不难理解为什么贝卡利亚称死刑是“一个国家针对一个人”的战争。,0
老人看着老照片，浑浊的泪水像小溪似的流淌着,0
正是这些凝结了无限爱心的捐款，才使“幸福工程”得以进行，也正因为如此，我们更要加倍严格地管好、用好这些捐款。,1
她冷静地，骨立的石像似的站起来了。,1
他走的很慢，像乌龟一样。,0
如果你有了一个好想法，尽量立即用语言将它套住,1
这是她自拉吉夫·甘地遇刺后首次打破沉默，参与政治活动。,0
他表现的好似电灯泡,0
感情破裂不一定非有什么理由,0
随着亚洲金融危机的蔓延和恶化,0
外面的风肆意的叫喊着,0
那河畔的金柳是夕阳中的新娘,1
他那如木兰花般白晢的皮肤上画出两条惹眼的斜线,1
投身到时代生活的激流中去。,1
潮水般的掌声便向我涌来。,1
这句话没有营养,0
相比之下，佛提妮苗条得像棵橄榄树苗,1
阅读是人们的精神食粮,1
就是那样的一种月色，从此深植进她的心中。,1
他的心比他的翻腾得更厉害,1
他们扯闲话扯出麻烦来了,0
争论是战争,0
老师为我们在追求知识的过程中铺路,1
科学是一种在历史上推动革命的力量。,1
你吃我一刀。,0
这些生产要素向刘桥一矿的涌入，使该矿非煤产业的发展呈现广阔的前景。,1
他抱怨云雾太重,0
只管把目标定在高峰，人家要笑就让他去笑！,1
一轮弯月升上她的唇角,1
做人如果没梦想，那跟咸鱼有什么分别？,0
那我可真要好好问候你一下了,0
全球金融危机爆发了,0
他生命中的冬天到了。,0
让自己的灵魂在黑暗的囚笼中日渐萎缩,0
他的心肠是一只蛇,0
思恋是一双达不到彼岸的桨橹,0
那个小伙子因为这件事被他的同伙拾掇了一顿,0
相声是一门语言艺术，犹如杂货铺。,1
十一届三中全会扭转了中国的局面,1
那个女孩像是一位天使,1
他是老师插在学生中间的耳目。,0
我想把生命描述成一次旅行,1
袁隆平被称为“杂交水稻之父”。,1
只有顺其自然，才能驾驭自然。,1
思想的花开在路上。,1
树林就像绿色的海洋,1
光游玩于绿叶丛之中,1
落日亲吻着海平面,1
她脸上洋溢着兴奋的光芒，就像山坡上绽开的山丹丹花一样,1
主持人燃烧了大家的热情,1
理想是火，点燃希望的灯。,1
他很想帮忙，但两条腿像橡皮做的一样不听使唤，抱歉的话说到一半他就睡着了。,0
在晚会上，她开心得像个三岁小孩。,1
我的大脑在转动。,1
汤姆跑起来像兔子,1
初出茅庐的他，先碰了一个大钉子。,0
他能够珍惜每一位人才,1
不少科研成果震动了世界,1
相处不和睦的夫妻更易出轨。,0
社会主义制度的建立在中国历史上是伟大变革,1
她一直在追求自己的爱情,1
他追求美好的愿望死去了,0
高工资是这个国家经济发展的一张王牌 。,1
青年是标志时代的最灵敏的晴雨表,1
这辆汽车报销了,0
他是社会的毒瘤,0
我内心的恐惧就这样被制伏了。,1
闪烁的烛光，舞动的彩带，声声不息的祷告声，吸引了越来越多的跟随者。,1
蝗灾爆发农业损失惨重,0
我作为有志青年怎么能一辈子蹲在这种地方,0
突如其来的意外让她的希望彻底地破灭了,0
在经济转型中，政府必须起到催化剂的作用。,1
春风像一支彩笔，把整个世界勾勒的绚丽多彩,1
创业路上我们需要学会刹车,1
女人的心思就是一个太阳系。,0
梦就如泥鳅，很容易便消失,0
作为一名军人，他早已将身心都铸成了剑。,1
这篇文章很难吃透,0
马路开膛何时了？,0
他凶狠起来就像一个猛虎。,0
一群专家义无反顾跃进了科研的道路。,1
对时间的无言，对生命的目送。,0
快递的速度堪比蜗牛,0
为了国家的利益政府及时冻结了与该国的外交关系,1
生如夏花般灿烂,1
孩子们呵着冻得通红，像紫芽姜一般的小手。,1
祖国的人海里，泡个大肥皂泡，未破时五光十色，经不起人一搠就不知去向,0
新任知府将老裴发配到沙门岛,0
任何超脱飞扬的思想都会怦然坠地,0
眉毛高高在上，跟眼睛远隔得彼此要害相思病,0
秋天好像个迷人的淑女，披着金黄的旗袍，在散步着,1
做学问。要持之以恒，不能只有五分钟热度。,1
小平同志眼观六路，耳听八方，他的血脉里，似乎正汩汩流动着黄河的灵慧。,1
她的那种魅力抓住了他。,1
他累得像条狗,0
把脚伸进防水靴子里，它仍然像是阳光下的热焦油纸一样让人感觉灼热难耐,0
为此，要逐步用现代科学技术武装农业，增强农业的基础地位和发展后劲。,1
"虽然他曾一度失足,但人是可以转变的。",1
济南交警成为全国公安战线的一面旗帜,1
你作为负责人怎么能把这件工作随便丢下,0
中国人民解放军是保家卫国的雄狮。,1
曾经，时间做了刀客，宰割她的爱情,0
春天里花苞绽放，拥抱着世界,1
全球贸易将再度萎缩,0
他终于蝉蜕成顶天立地的男子汉。,1
他的梦想终于被打破了。,0
一钩残月萌发出悠悠伤情。,0
仓央嘉措的心片片凋零,0
美感的记忆，是人生最可珍的产业，认识美的本能是上帝给我们进天堂的一把秘钥,1
理想是灯，照亮夜行的路。,1
磨难不断地熔炼我的内心,1
父亲是这个家的天,1
虽然下着霏霏细雨，水城里外到处笼罩着一片节日的气氛。,1
雨细的像丝,1
他有颗钢铁般坚强的心。,1
她靠一种非凡的精神承受了这一连串的打击,0
吕信贻苦心构筑人才大厦。,1
他过的像个小皇帝。,0
由于共同的志趣我俩建立了深厚的友谊,1
饱受白血病的折磨，小明生命的火光逐渐消散。,0
她在心底里存着一个美好的愿望,1
病魔急剧蔓延 ,0
这篇感人肺腑的文章使我震动很大,0
他再也无法忍受繁重的学业重担。,0
太阳依然不饶人地迟落早起，侵占去大部分的夜。,0
灵光砸中了他,1
巨大的吸盘立即吞噬掉这些残缺的“身躯”,0
为了打开他的心扉我们想了许多办法。,1
碎浪滚滚而来，边缘透明，仿佛绿色的玻璃。,1
他仿佛有三头六臂。,1
她走了出来，恰似画儿上的人。,1
他的心是铁做的,0
她有一颗大理石般坚硬的心。,1
曙光像水，泼洒在大街上,1
这个新世纪正会成为新中国的黎明，你们可以为古代的辉煌壮阔而骄傲，可以为如今的种种事业而自豪，更可以为即将到来的一个有一个未来而骄傲。,1
"他有如一座光芒万丈的金塔,矗立在共产主义的思想高地。",1
赞扬就像阳光一样,1
我们积极相聚，也毫不挣扎地品尝舍离，遂把所能拥有的辰光化为分分秒秒的惊叹。,1
徐太太果然不像先前那么一盆火似的了，远兜远转先解释她这两天为什么没上门。,0
她在墙角瑟瑟着，像只花栗鼠似的,0
小男孩又长了些本事,1
中国现在就像腾飞的巨龙。,1
敌军的防线终于被撕裂开来,1
杂乱的思绪漂浮在我的眼前。,0
她是夜明珠，暗夜里，放射出灿烂的光芒,1
中年的好处是懂得清仓，扔戏服般将过期梦想剔除。,0
爱情好比镜子，一旦打破就难重圆。,0
"拉拉队员们激情似火,为运动员们加油助威",1
他是我们的噩梦。,0
黑人仍生活在物质充裕的海洋中一个穷困的孤岛上。,0
知识是我们飞向成功的翅膀,1
双方冰释前嫌,1
它们并不是那种完美的椭圆状——恰似有关哥伦布故事里的鸡蛋，它们与大海相接的那一端都像是被挤压过了似的显得扁平。,0
微风过处，送来缕缕清香，仿佛远处高楼上渺茫的歌声似的。,1
要养家糊口，他身上的包袱太重了。,0
婚姻是一种持续的搏斗,0
相互串通，操纵市场价格，损害其他经营者或者消费者的合法权益,0
依依的垂柳在朝辉中舒展着柔美的身姿。,1
柳丝在眼前轻拂，就像挂了一幅绿色的垂帘,1
心灵烙印着母亲的爱，成长寄存着母亲的牵挂，行程链接着母亲的思念。,1
他是我们班的活词典,1
理想是指引人前进的明灯,1
她看起来像只受惊的小猫。,0
青春就像黄金，你想做成什么，就能成为什么。,1
我们的生命每天都在燃烧,1
在主人公命运问题上作品深深感染了读者,1
白白的云朵静静的躺在蓝天中,1
把你冻坏了我怎么向你哥交账,0
泰山的山顶冲破了云彩,1
他就是我们的首领,1
有人在股市不断散播谣言,0
他像蜜蜂一样勤劳,1
美丽的彩虹就像一座七彩的桥一样高挂在雨后的天空,1
阅读是一座随身携带的小型避难所。,1
出生时他的眼睛和葡萄一样,1
孤独的人有他们自己的泥沼。,0
整个马群就像轰隆隆飞砸下山的滚木巨石。,0
这个小男孩向她投去了一个古怪的微笑,1
黄海是一座美丽的天然宝库。,1
这时在盖茨比的脸上掠过一丝令人费解的表情。,0
从未想过，保安们居然像被稻草人一样，没有任何心思，傻傻地伫立着。,0
窗前有风掠过，掠过的是那些偶尔泛在脑海里的回忆,0
让理想的航船从这里扬帆。,1
事业是一面镜，照出生命价值的大小高低。,1
巨大的天坑吞了一辆车。,0
这名运动员破了世界纪录,1
笑声如阳光，驱走人们脸上的冬天。,1
这个亭踞在突出的一角的岩石上，上下都空空儿的；仿佛一只苍鹰展着翼翅浮在天宇中一般,1
那花儿红得似火。,1
我荒废了时间，时间变把我荒废了。,0
你是我的小苹果。,1
王小波的文字仿佛是一面镜子，照出了我们的迂腐。,1
他取得的成绩是努力的果实,1
我独自飘零在异乡,0
他浑身哆嗦，面如土色，额头的汗珠无不显示出他内心的紧张与害怕，他就这样蜷缩在墙角，像一头受伤的小白兔哼唧着,0
桔红色的房屋，像披着鲜艳的袈裟的老僧,1
我会永远是那孤独的根号三。,0
在人类文明的长河中，几百年的光阴也只是短短的片段。,1
这条公路的建成是的外界能向这个小山村输血,1
这位医者拯救了他的灵魂,1
我拿他开刀出气,0
她是我内心的一首歌,1
新烫头发的浪纹板得像漆出来的,1
我的感情放纵奔流着。,1
我刚刚一路上与拥挤的交通进行完一场殊死搏斗，从公司赶回到家里,0
他把牙齿咬得“格格”作响，眼里闪着一股无法遏制的怒火，好似一头被激怒的狮子,0
主持人游刃有余地把握着访谈节目。,1
汤姆像一只老鼠去处事。,0
这小麦的麦芒像针尖，一样又尖又细。,1
水边的数十只白天鹅和一群野鸭也伸长了脖子，欣赏音乐。,1
人守候成至美的风景,1
这些小兵打起来像割韭菜一样。,0
他的理智被欲望吞噬了。,0
"文学是一个国家,一个民族的灵魂。",1
目前许多企业不是把资产经营作为搞好主业的手段，而是作为一业来发展，抓住资产经营题材，在行业内外、地区内外大举扩张。,0
飞行员们进入战位，接受实战磨砺。,1
迈克尔杰克逊的表演征服了全场。,1
心理上也好隐蔽在浓荫里面，不怕羞些,0
他是个给打碎后又乱七八糟连起来的巨人,1
后来他们走到了一处没有树木、便道上洒满白色月光的地方。,1
透明的思念像河流在脸上蔓延开来,0
他吃起东西来像猪一样。,0
月亮早已厌倦了白天的生活,0
阵阵海风吹散了他心中的苦闷。,1
我愿意游荡在你身边，做个野鬼，跟随你。,0
如何肯又回家去见贾敬，染了红尘，将前功尽弃呢,0
学生像机器一样写着作业,0
鹅毛般的大雪降落下来。,0
那船把沾污了人气的一方面，还给那无情的大海。,0
她是暗夜里的夜明珠,1
不甘撞击着胸口,0
你跑就跑你的得了，为什么偏偏要我老二陪绑呢,0
他的意志在金光面前摇摆,0
中国围棋天元战—半决赛战罢王磊周鹤洋闯入决赛 。,1
鬼子可把百姓糟蹋苦了,0
作为一名当代大学生，我们要有这样的觉悟弱冠之时，我们是国家的希望；不惑之期，我们是国家的脊梁；古稀之年，我们是镇国的重器。,1
我们的祖先世世代代不肯稍有迁移，他们是土地最忠诚的儿子，每一个初生婴儿的啼哭似乎都宣告着永久性的空间定位。,1
他在脑海中不断地勾勒着未来。,1
一杯奶茶，初恋一样的感受。,1
连计算都报错了他感觉很丢人,0
他开心的笑了，就像灿烂的花朵。,1
这件事融化了两人之间的隔阂。,1
"人口爆炸,国家怎能强盛起来",0
中国人该苏醒过来了。,1
对我而言，妈妈的唠叨就是孙悟空的紧箍咒。,0
她对男人来说是块磁铁,1
人情冷暖正如花开花谢,0
沙石煎熬住大海的蹂躏，终于化作璀璨的珍珠。,1
你笑起来真像好天气。,1
美妙的歌声从远处飘来。,1
像风一样，你离开不声不响,0
不管怎么说，他都像个木桩子一样。,0
分裂势力放火煽动这次事件,0
沉睡了一冬的树被春雨淋醒,1
反垄断法与其说是限制大企业财团的自由，不如说是把权限最大限度地收归政府。,0
不良思想侵蚀了他,0
懒惰是成功路上最大的绊脚石。,0
这几天我就像是一个提线木偶。,0
他被称作铁公鸡。,0
各位都是大财主，捐一点钱就是拔一根汗毛,0
共和党要继续冰释前疑，因为麦凯恩先生值得另眼相看,1
这些篇章是人类思想的花朵。,1
鸿渐知道铅笔到他手里准被处死，不肯给他,0
她的这番话一直像石头一样压在我的心上。,0
风中的柚花像一只只白蝴蝶正要展翅飞翔,1
不论海枯石烂，我的怀抱永远是你的港湾。,1
跟东家一起抛出了手中的积压品,1
他恶毒得攻击了我们的网站,0
敌军侵蚀了我国的边境线,0
证券市场，由于其所赋予的高额利润机会，从产生之日起，便吸引了无数人类智慧的精华。,1
泰山峰上的松树连成一片，浓浓的，看上去就像人的颧骨上横着的一道剑眉,1
由于诸多因素的制约，原本的努力全部流产了。,0
这一切都是港人在新的一年以至今后更长日子的信心源泉。,1
他犟得像驴一样,0
他的大学梦是用血汗换来的。,1
然而我是个思维迟钝的人，有满脑子的清规戒律，它们像刹车一般控制着我的欲望。,0
约翰是只老狐狸。,0
母亲啊，你是荷叶。,1
水是生命之源。,1
事件仿佛到了一个瓶颈,0
他从来都是这样，一颗心像水般轻柔,1
校园中央的松树，在狂风中，挥舞着魔爪,0
高考的失败把他打击的体无完肤。,0
只有解放思想、实事求是，才能冲破各种不切合实际的或者过时的观念的束缚,1
海浪拍打着岸边的礁石，发出一阵阵深沉的怒吼。,0
叶子从痛苦的蜷缩中用力舒展。,1
他是民族的脊梁，挺立在红岩山冈。,1
岁月如流水，一般缓缓地流淌。,0
他已经嗅到了危险。,0
更多的结果开始连续不断地涌进来,1
安子文同志的夫人刘竞雄同志，每天都在单位大灶上吃饭，没有享受过任何特殊照顾。,1
毛泽东思想如一束光，照亮了中国的未来。,1
两位领导人高度评价１９９７年两国关系的发展，并强调俄法两国将在国际舞台上进一步加强合作。,1
有多少正坐在宽敞明亮的教师，遨游于知识的海洋。,1
生命为热爱燃烧。,1
李小明为人邋遢不注意个人卫生，走在街上就是活脱脱的一头大猩猩。,0
山寨的变迁，留下了栾老人的奋斗足迹，更凝结着徐明忠的心血，一股股清泉流进山寨，家家户户用上自来水；披上绿装的荒山野岭竖起美丽的屏障，蜿蜒曲折的盘山公路像一条飘带把栾老寨装点得面目一新。,1
阳光下盛开的水仙花就是您的笑容。,1
放弃抵抗，我们可就成了案板上的鱼肉了。,0
青年人不要躺在床上编织自己理想的花环，要走进火热的生活中。,1
他的另一辆往返于车站的面包车像只动作敏捷的黄甲虫，奔驰着去迎接所有到来的列车。,1
他的演讲感染了大家。,1
如瀑布一般的长发倾泻而下，落在肩上，乌黑浓密，瞬间的光与影充沛而饱满,1
我们向那些装腔作势的人开火,0
我同学脸上堆满了笑容。,1
这段纠葛为日后的分离埋下了种子。,0
记忆已经开始生锈，在泛黄的那端运转，只能让它随着微风吹散在这个六月旬的夏季,0
黄河养育了一代又一代中华儿女,1
这孩子正烧着呢,0
这位老人走了，可他给我们带来了一代人的回忆。,1
除了个别人他们都很守纪律,0
我想把这美景凝固在我的记忆里,1
传染病是一场战争,0
太阳去追赶黑夜,1
敌人的探子追的真快，像猎犬一样,1
家庭是文明的载体。,1
母爱，是一道明媚的风景,1
博尔特像一道闪电，划过柏林的夜空。,0
他像一支迷失的小鹿,0
谈判破裂后，双方代表都恼羞成怒地互相攻讦对方,0
他动如脱兔，百米赛跑轻松地夺了冠。,1
火花在湖面跳动,1
丽萨款款的样子宛若华丽的纽约城,1
而洒落在松树下的悬钩子所铺成的红地毯这时也分外夺目,1
你跟你父亲的头脑都是几千年前的古董，亏你还是个留学生。,0
他们将怀疑的矛头直接指向了德雷曼。,1
孩子们长了不少见识,1
已查清的几起影响恶劣的领导干部贪污腐化、奢侈浪费案件在当地报纸上公开曝光，在各级干部中产生了强烈的震动。,0
不断提升产品质量及完善质量管理体系,1
如果仅仅是规模上去了，成本没下降，或是销售额没有成比例增长，那等于又坠入了新的“规模不经济”误区。,0
他像章鱼一样缠着我。,0
在关键问题上统一认识,1
蟋蟀们在这里弹琴,1
这篇论文是人类思维的花朵,1
我军事理论课挂了。,0
爱就像一场雨，只不过他的结局是落汤鸡罢了。,1
反动统治者强奸民意，敲榨勒索。,0
我们的事业正在腾飞,1
记忆刺痛了心底的暗伤。,0
因此，刘希亮的爱的世界，不是麻木不仁的一片你好我好互相拥抱；不是只空泛的叫喊；更不是泯灭每个人的个性。,1
他枪毙了他的提案。,0
疯狂吞噬国家和集体的资产,0
老师是青藤，坚韧而修长，指引我们采撷到崖顶的灵芝和人参。,1
犯人们在监狱里都熬麻木了,0
青春是一双明亮的眸子。在知识的海洋里不停地搜寻着自己需要的知识,1
经济增长减速甚至衰退,0
许多往事在我的脑海里翻腾,0
芦苇花像一簇簇羽毛。,1
这次外交活动为两国友谊播下了种子,1
电灯的光射到水上，蜿蜒曲折，闪闪不息，正如跳舞着的仙女的臂膊。,1
岁月染白了他的头发。,0
假象麻醉了他的防备,0
他怒气冲天,0
困境里的眼泪通常是一种传染病,0
只要各级领导都能带头以实际行动纠正这种歪风，那么群众厌恶的公款吃喝歪风，最终定会“日薄西山”，绝迹于改革开放后的中国。,1
中肯建议很受大家欢迎,1
人是一枝芦苇，自然界最脆弱的生命，不过是一支会思想的芦苇。,0
他的思绪飘到了千里之外。,0
宦海沉浮是非多,0
他一下水，就成了鱼.,1
 踏进机舱，就好像踏上祖国的国土。,1
他们朴实得就像那片高粱。,1
理想信念是引航的灯塔,1
同时也准备做祖国足球事业的火种。,1
他都是被吹得厉害，实际上也没什么了不起的,0
放学后我像一匹脱缰的野马,1
仔细看时，才知道那是每一朵紫花中最浅淡的部分，在和阳光互相挑逗。,1
共享经济的发展还有空间,1
滔滔的长江哺育了亿万人民。,1
他打破了常规。,1
鼓励企业通过经营领域的不断扩大，提高自我消化的能力。,1
听完他的话，我呆呆地立在那里，像一座雕塑。,0
感谢你们来到这儿为我们加油助威,1
既然他那么善于察言观色，又怎么可能没察觉他替我按摩时，我僵硬的身体是最后的避难所。,0
大学培养的每一位学子都应成为国家的栋梁，时代的精英。,1
大洋上的岛屿星罗棋布，难怪挪威被称为“千岛之国”。,1
老厂长还在算计着下一步的工作,0
你的进步只是表演给我看的,0
创始CEO被逼下台,0
若贪钱，事业之舟必搁浅,0
简的眼睛是两朵花。,1
我沉醉在曾经最喜欢的音乐中。,1
小明轻松上阵，乐观应考，超常发挥,1
月光下水磨坊的柴扉一夜夜吱呀响动，令他欣赏到惊人的出浴的美丽。,1
竞选对手通过传播媒介攻击对方的私生活,0
风儿唤醒了沉睡中的大地,1
他是他创作的源泉。,1
你喜欢一个女孩，但是她对你不来电,1
封建思想支配很多人的头脑,0
每个恋爱的人都是疯子。,0
他安分守己，行为绝对不会出轨。,1
现实至多为失败者提供了解脱的借口，而对宿命的信仰最终无情地扑灭了成功的任何希望。,0
 基本路线要管一百年，动摇不得。,1
远去的时光，是依旧开在心里的栀子花,1
除了这些习惯孩子还染上了一个坏毛病,0
你是黑夜中的明灯。,1
他雄壮如熊。,1
低幼文学呼唤成熟艺术形象 。,0
生活是一张迷离的网,0
给这个项目插上科技的翅膀。,1
他回击了我的观点。,0
女儿比儿子更贴心,1
国内生产总值逐步爬升,1
人生需要留白。,1
大黑山是一座天然的宝库。,1
她一时摸不清那到底是他的怪脾气，还是他另有作用。,0
一颗闪光的流星划破寂静的夜空。,1
只见月光洒在新落下的雪花的怀里,1
每个人的生活都是自己的舞台,1
父母希望他们能结婚，可是他们对对方都不来电。,0
甜蜜一滴滴渗入心田。,1
经历了漫长岁月，饱尝了沧桑和坎坷，便士邮票终于回到故乡的怀抱。,1
"战争爆发以后,我们就失去了联系",0
全国118个重要湖泊水质总体不乐观，为湖泊治病已势在必行。,0
这五年，用邓小平建设有中国特色社会主义理论武装全党、教育人民、指导实践的工作取得显著成效。,1
此前我国的外轮代理业务均操纵在外商手中。,0
高举邓小平理论伟大旗帜,1
19世纪，火车闯入了人们的生活。,1
"他的企业经受不起新建合资企业的冲击,因而一蹶不振",0
你的文章没有突出主题思想,0
婚姻是爱情的坟墓,0
哨兵站在那，仿佛一尊雕塑。,1
回忆这东西若是有气味的话，那就是樟脑的香，甜而稳妥,1
小鸟在唱歌,1
横批是“托起朝阳”,1
这部戏根本不吸引人,0